original_path,canonical_path,sha256
CPMGZ/chebNMR2D-v6.f,legacy/reference/chebNMR2D-v6.f,75ed0fde9c94c23479644e369e21312dbed0b9d136db29accb59fc37f1755afa
CPMGZ/chebsdPDDGnmr.f,legacy/reference/chebsdPDDGnmr.f,3ff180409da74dc70409b00e3d978f31f62953d13df48057c9121638ba53b223
CPMGZ/chimstepsPDDGnmr.f,legacy/reference/chimstepsPDDGnmr.f,c84aef0e015bed403aaed2e77ad2b3fda72f893f3d37aad6ab8a52e7c1e97c0e
CPMGZ/chinitPDDGnmr.f,legacy/reference/chinitPDDGnmr.f,e702fe4b09f4598d91267ee9e040d33b05bbb8096cf4efa22bdf6f418d97eb8a
CPMGZ/chlogparPDDG.f,legacy/reference/chlogparPDDG.f,e9348156c662ec264db1703177a4dbd191c2890bde61ae892d4aa8f2059e5844
CPMGZ/chnmr2d.mak,legacy/variants/chnmr2d/b4d9e60b4228.mak,b4d9e60b42284f8c152d467a9b41212b0f5b701a23e19a0accd99c9ed9f64718
CPMGZ/chparsfPDDG.f,legacy/reference/chparsfPDDG.f,76c241092c1095651ebcece83a5d8e10087e1c2bdb0f0f0e19ecda26ad3ac65e
CPMGZ/chparsgenPDDG.f,legacy/reference/chparsgenPDDG.f,0e751dec44549e1a803abefe3acc4a1540c508e5909bf3bc3f11fc40652922f6
CPMGZ/chsdpar.h,legacy/reference/chsdpar.h,a4c2f2070c254844aaddd1e0280625a05d4af404a56c0116bbedd5da44ae65e5
CPMGZ/chspecstepsPDDGnmr.f,legacy/reference/chspecstepsPDDGnmr.f,5cfba01f0659c4683a8ff9d1c4713cc6e3760bb1c5536ba83b5805edf3909fb2
CPMGZ/chstepsPDDGnmr.f,legacy/reference/chstepsPDDGnmr.f,836ad90b3fd7a1f5461d7a6f7dac758a96d8b6c3507309e65763ef618f48a01a
CPMGZ/gendipnmr2D.f,legacy/reference/gendipnmr2D.f,f1ff25beb2d7b9533a2eec0a06c21f4980d2dabd4c38a018a93ad9181956de18
CPMGZ/graphika.py,legacy/variants/graphika/ece96c1fb347.py,ece96c1fb3471ad586d2e89bd0a34b7200840e502d495f2e6fcc3de2e7787ac0
CPMGZ/ribesl.f,legacy/reference/ribesl.f,81d91e5b2f6c1e36e6bfb7798e55d80947cd34ece070b56d747bbd9e75d38501
CPMGZ/rjbesl.f,legacy/reference/rjbesl.f,797d31688a631bd11a92c9409df59013804b03ca9145e42ba6b0c83e48b2451c
CPMGZ/tstComp.f,legacy/variants/tstComp/5a9df4b0b2a8.f,5a9df4b0b2a8f58abe6fa75fa470a2bfdef77879b4ef29d6050a9e247586d04d
CPMGZ_Large_B/chebNMR2D-v6.f,legacy/variants/chebNMR2D-v6/721846d0d02a.f,721846d0d02ae8100ae6778e20b472ced35f21f3cdd4187bcaa3af97577b0f49
CPMGZ_Large_B/chebsdPDDGnmr.f,legacy/reference/chebsdPDDGnmr.f,3ff180409da74dc70409b00e3d978f31f62953d13df48057c9121638ba53b223
CPMGZ_Large_B/chimstepsPDDGnmr.f,legacy/reference/chimstepsPDDGnmr.f,c84aef0e015bed403aaed2e77ad2b3fda72f893f3d37aad6ab8a52e7c1e97c0e
CPMGZ_Large_B/chinitPDDGnmr.f,legacy/reference/chinitPDDGnmr.f,e702fe4b09f4598d91267ee9e040d33b05bbb8096cf4efa22bdf6f418d97eb8a
CPMGZ_Large_B/chlogparPDDG.f,legacy/variants/chlogparPDDG/05b4b1fb9525.f,05b4b1fb95255f402838a297747b9eb669308092ebef300915b4ecd81f2f7c21
CPMGZ_Large_B/chnmr2d.mak,legacy/variants/chnmr2d/b4d9e60b4228.mak,b4d9e60b42284f8c152d467a9b41212b0f5b701a23e19a0accd99c9ed9f64718
CPMGZ_Large_B/chparsfPDDG.f,legacy/reference/chparsfPDDG.f,76c241092c1095651ebcece83a5d8e10087e1c2bdb0f0f0e19ecda26ad3ac65e
CPMGZ_Large_B/chparsgenPDDG.f,legacy/reference/chparsgenPDDG.f,0e751dec44549e1a803abefe3acc4a1540c508e5909bf3bc3f11fc40652922f6
CPMGZ_Large_B/chsdpar.h,legacy/reference/chsdpar.h,a4c2f2070c254844aaddd1e0280625a05d4af404a56c0116bbedd5da44ae65e5
CPMGZ_Large_B/chspecstepsPDDGnmr.f,legacy/reference/chspecstepsPDDGnmr.f,5cfba01f0659c4683a8ff9d1c4713cc6e3760bb1c5536ba83b5805edf3909fb2
CPMGZ_Large_B/chstepsPDDGnmr.f,legacy/reference/chstepsPDDGnmr.f,836ad90b3fd7a1f5461d7a6f7dac758a96d8b6c3507309e65763ef618f48a01a
CPMGZ_Large_B/gendipnmr2D.f,legacy/reference/gendipnmr2D.f,f1ff25beb2d7b9533a2eec0a06c21f4980d2dabd4c38a018a93ad9181956de18
CPMGZ_Large_B/ribesl.f,legacy/reference/ribesl.f,81d91e5b2f6c1e36e6bfb7798e55d80947cd34ece070b56d747bbd9e75d38501
CPMGZ_Large_B/rjbesl.f,legacy/reference/rjbesl.f,797d31688a631bd11a92c9409df59013804b03ca9145e42ba6b0c83e48b2451c
CPMGZ_Large_B/tstComp.f,legacy/variants/tstComp/5a9df4b0b2a8.f,5a9df4b0b2a8f58abe6fa75fa470a2bfdef77879b4ef29d6050a9e247586d04d
CPMGZ_copy/chebNMR2D-v6.f,legacy/reference/chebNMR2D-v6.f,75ed0fde9c94c23479644e369e21312dbed0b9d136db29accb59fc37f1755afa
CPMGZ_copy/chebsdPDDGnmr.f,legacy/reference/chebsdPDDGnmr.f,3ff180409da74dc70409b00e3d978f31f62953d13df48057c9121638ba53b223
CPMGZ_copy/chimstepsPDDGnmr.f,legacy/reference/chimstepsPDDGnmr.f,c84aef0e015bed403aaed2e77ad2b3fda72f893f3d37aad6ab8a52e7c1e97c0e
CPMGZ_copy/chinitPDDGnmr.f,legacy/reference/chinitPDDGnmr.f,e702fe4b09f4598d91267ee9e040d33b05bbb8096cf4efa22bdf6f418d97eb8a
CPMGZ_copy/chlogparPDDG.f,legacy/reference/chlogparPDDG.f,e9348156c662ec264db1703177a4dbd191c2890bde61ae892d4aa8f2059e5844
CPMGZ_copy/chnmr2d.mak,legacy/variants/chnmr2d/b4d9e60b4228.mak,b4d9e60b42284f8c152d467a9b41212b0f5b701a23e19a0accd99c9ed9f64718
CPMGZ_copy/chparsfPDDG.f,legacy/reference/chparsfPDDG.f,76c241092c1095651ebcece83a5d8e10087e1c2bdb0f0f0e19ecda26ad3ac65e
CPMGZ_copy/chparsgenPDDG.f,legacy/reference/chparsgenPDDG.f,0e751dec44549e1a803abefe3acc4a1540c508e5909bf3bc3f11fc40652922f6
CPMGZ_copy/chsdpar.h,legacy/reference/chsdpar.h,a4c2f2070c254844aaddd1e0280625a05d4af404a56c0116bbedd5da44ae65e5
CPMGZ_copy/chspecstepsPDDGnmr.f,legacy/reference/chspecstepsPDDGnmr.f,5cfba01f0659c4683a8ff9d1c4713cc6e3760bb1c5536ba83b5805edf3909fb2
CPMGZ_copy/chstepsPDDGnmr.f,legacy/reference/chstepsPDDGnmr.f,836ad90b3fd7a1f5461d7a6f7dac758a96d8b6c3507309e65763ef618f48a01a
CPMGZ_copy/gendipnmr2D.f,legacy/reference/gendipnmr2D.f,f1ff25beb2d7b9533a2eec0a06c21f4980d2dabd4c38a018a93ad9181956de18
CPMGZ_copy/ribesl.f,legacy/reference/ribesl.f,81d91e5b2f6c1e36e6bfb7798e55d80947cd34ece070b56d747bbd9e75d38501
CPMGZ_copy/rjbesl.f,legacy/reference/rjbesl.f,797d31688a631bd11a92c9409df59013804b03ca9145e42ba6b0c83e48b2451c
CPMGZ_copy/tstComp.f,legacy/variants/tstComp/5a9df4b0b2a8.f,5a9df4b0b2a8f58abe6fa75fa470a2bfdef77879b4ef29d6050a9e247586d04d
CPMGZ_copy17spins/chebNMR2D-v6.f,legacy/variants/chebNMR2D-v6/721846d0d02a.f,721846d0d02ae8100ae6778e20b472ced35f21f3cdd4187bcaa3af97577b0f49
CPMGZ_copy17spins/chebsdPDDGnmr.f,legacy/reference/chebsdPDDGnmr.f,3ff180409da74dc70409b00e3d978f31f62953d13df48057c9121638ba53b223
CPMGZ_copy17spins/chimstepsPDDGnmr.f,legacy/reference/chimstepsPDDGnmr.f,c84aef0e015bed403aaed2e77ad2b3fda72f893f3d37aad6ab8a52e7c1e97c0e
CPMGZ_copy17spins/chinitPDDGnmr.f,legacy/reference/chinitPDDGnmr.f,e702fe4b09f4598d91267ee9e040d33b05bbb8096cf4efa22bdf6f418d97eb8a
CPMGZ_copy17spins/chlogparPDDG.f,legacy/variants/chlogparPDDG/05b4b1fb9525.f,05b4b1fb95255f402838a297747b9eb669308092ebef300915b4ecd81f2f7c21
CPMGZ_copy17spins/chnmr2d.mak,legacy/variants/chnmr2d/b4d9e60b4228.mak,b4d9e60b42284f8c152d467a9b41212b0f5b701a23e19a0accd99c9ed9f64718
CPMGZ_copy17spins/chparsfPDDG.f,legacy/reference/chparsfPDDG.f,76c241092c1095651ebcece83a5d8e10087e1c2bdb0f0f0e19ecda26ad3ac65e
CPMGZ_copy17spins/chparsgenPDDG.f,legacy/reference/chparsgenPDDG.f,0e751dec44549e1a803abefe3acc4a1540c508e5909bf3bc3f11fc40652922f6
CPMGZ_copy17spins/chsdpar.h,legacy/reference/chsdpar.h,a4c2f2070c254844aaddd1e0280625a05d4af404a56c0116bbedd5da44ae65e5
CPMGZ_copy17spins/chspecstepsPDDGnmr.f,legacy/reference/chspecstepsPDDGnmr.f,5cfba01f0659c4683a8ff9d1c4713cc6e3760bb1c5536ba83b5805edf3909fb2
CPMGZ_copy17spins/chstepsPDDGnmr.f,legacy/reference/chstepsPDDGnmr.f,836ad90b3fd7a1f5461d7a6f7dac758a96d8b6c3507309e65763ef618f48a01a
CPMGZ_copy17spins/gendipnmr2D.f,legacy/reference/gendipnmr2D.f,f1ff25beb2d7b9533a2eec0a06c21f4980d2dabd4c38a018a93ad9181956de18
CPMGZ_copy17spins/graphika.py,legacy/variants/graphika/048953efc842.py,048953efc842f9d9683a78305ab21e35a4c50d183f93a9881b377abd10803dac
CPMGZ_copy17spins/ribesl.f,legacy/reference/ribesl.f,81d91e5b2f6c1e36e6bfb7798e55d80947cd34ece070b56d747bbd9e75d38501
CPMGZ_copy17spins/rjbesl.f,legacy/reference/rjbesl.f,797d31688a631bd11a92c9409df59013804b03ca9145e42ba6b0c83e48b2451c
CPMGZ_copy17spins/tstComp.f,legacy/variants/tstComp/5a9df4b0b2a8.f,5a9df4b0b2a8f58abe6fa75fa470a2bfdef77879b4ef29d6050a9e247586d04d
CPMGZ_copy18spins/chebNMR2D-v6.f,legacy/variants/chebNMR2D-v6/721846d0d02a.f,721846d0d02ae8100ae6778e20b472ced35f21f3cdd4187bcaa3af97577b0f49
CPMGZ_copy18spins/chebsdPDDGnmr.f,legacy/reference/chebsdPDDGnmr.f,3ff180409da74dc70409b00e3d978f31f62953d13df48057c9121638ba53b223
CPMGZ_copy18spins/chimstepsPDDGnmr.f,legacy/reference/chimstepsPDDGnmr.f,c84aef0e015bed403aaed2e77ad2b3fda72f893f3d37aad6ab8a52e7c1e97c0e
CPMGZ_copy18spins/chinitPDDGnmr.f,legacy/reference/chinitPDDGnmr.f,e702fe4b09f4598d91267ee9e040d33b05bbb8096cf4efa22bdf6f418d97eb8a
CPMGZ_copy18spins/chlogparPDDG.f,legacy/variants/chlogparPDDG/05b4b1fb9525.f,05b4b1fb95255f402838a297747b9eb669308092ebef300915b4ecd81f2f7c21
CPMGZ_copy18spins/chnmr2d.mak,legacy/variants/chnmr2d/b4d9e60b4228.mak,b4d9e60b42284f8c152d467a9b41212b0f5b701a23e19a0accd99c9ed9f64718
CPMGZ_copy18spins/chparsfPDDG.f,legacy/reference/chparsfPDDG.f,76c241092c1095651ebcece83a5d8e10087e1c2bdb0f0f0e19ecda26ad3ac65e
CPMGZ_copy18spins/chparsgenPDDG.f,legacy/reference/chparsgenPDDG.f,0e751dec44549e1a803abefe3acc4a1540c508e5909bf3bc3f11fc40652922f6
CPMGZ_copy18spins/chsdpar.h,legacy/reference/chsdpar.h,a4c2f2070c254844aaddd1e0280625a05d4af404a56c0116bbedd5da44ae65e5
CPMGZ_copy18spins/chspecstepsPDDGnmr.f,legacy/reference/chspecstepsPDDGnmr.f,5cfba01f0659c4683a8ff9d1c4713cc6e3760bb1c5536ba83b5805edf3909fb2
CPMGZ_copy18spins/chstepsPDDGnmr.f,legacy/reference/chstepsPDDGnmr.f,836ad90b3fd7a1f5461d7a6f7dac758a96d8b6c3507309e65763ef618f48a01a
CPMGZ_copy18spins/gendipnmr2D.f,legacy/reference/gendipnmr2D.f,f1ff25beb2d7b9533a2eec0a06c21f4980d2dabd4c38a018a93ad9181956de18
CPMGZ_copy18spins/ribesl.f,legacy/reference/ribesl.f,81d91e5b2f6c1e36e6bfb7798e55d80947cd34ece070b56d747bbd9e75d38501
CPMGZ_copy18spins/rjbesl.f,legacy/reference/rjbesl.f,797d31688a631bd11a92c9409df59013804b03ca9145e42ba6b0c83e48b2451c
CPMGZ_copy18spins/tstComp.f,legacy/variants/tstComp/5a9df4b0b2a8.f,5a9df4b0b2a8f58abe6fa75fa470a2bfdef77879b4ef29d6050a9e247586d04d
CPMGZ_copy18spins64/chebNMR2D-v6.f,legacy/variants/chebNMR2D-v6/d8285592ec0d.f,d8285592ec0d4af25d387e792f8f6388e63b96054ed22ec5eba76471574eed19
CPMGZ_copy18spins64/chebsdPDDGnmr.f,legacy/reference/chebsdPDDGnmr.f,3ff180409da74dc70409b00e3d978f31f62953d13df48057c9121638ba53b223
CPMGZ_copy18spins64/chimstepsPDDGnmr.f,legacy/reference/chimstepsPDDGnmr.f,c84aef0e015bed403aaed2e77ad2b3fda72f893f3d37aad6ab8a52e7c1e97c0e
CPMGZ_copy18spins64/chinitPDDGnmr.f,legacy/reference/chinitPDDGnmr.f,e702fe4b09f4598d91267ee9e040d33b05bbb8096cf4efa22bdf6f418d97eb8a
CPMGZ_copy18spins64/chlogparPDDG.f,legacy/variants/chlogparPDDG/05b4b1fb9525.f,05b4b1fb95255f402838a297747b9eb669308092ebef300915b4ecd81f2f7c21
CPMGZ_copy18spins64/chnmr2d.mak,legacy/variants/chnmr2d/b4d9e60b4228.mak,b4d9e60b42284f8c152d467a9b41212b0f5b701a23e19a0accd99c9ed9f64718
CPMGZ_copy18spins64/chparsfPDDG.f,legacy/reference/chparsfPDDG.f,76c241092c1095651ebcece83a5d8e10087e1c2bdb0f0f0e19ecda26ad3ac65e
CPMGZ_copy18spins64/chparsgenPDDG.f,legacy/reference/chparsgenPDDG.f,0e751dec44549e1a803abefe3acc4a1540c508e5909bf3bc3f11fc40652922f6
CPMGZ_copy18spins64/chsdpar.h,legacy/reference/chsdpar.h,a4c2f2070c254844aaddd1e0280625a05d4af404a56c0116bbedd5da44ae65e5
CPMGZ_copy18spins64/chspecstepsPDDGnmr.f,legacy/reference/chspecstepsPDDGnmr.f,5cfba01f0659c4683a8ff9d1c4713cc6e3760bb1c5536ba83b5805edf3909fb2
CPMGZ_copy18spins64/chstepsPDDGnmr.f,legacy/reference/chstepsPDDGnmr.f,836ad90b3fd7a1f5461d7a6f7dac758a96d8b6c3507309e65763ef618f48a01a
CPMGZ_copy18spins64/gendipnmr2D.f,legacy/reference/gendipnmr2D.f,f1ff25beb2d7b9533a2eec0a06c21f4980d2dabd4c38a018a93ad9181956de18
CPMGZ_copy18spins64/graphika.py,legacy/variants/graphika/ece96c1fb347.py,ece96c1fb3471ad586d2e89bd0a34b7200840e502d495f2e6fcc3de2e7787ac0
CPMGZ_copy18spins64/ribesl.f,legacy/reference/ribesl.f,81d91e5b2f6c1e36e6bfb7798e55d80947cd34ece070b56d747bbd9e75d38501
CPMGZ_copy18spins64/rjbesl.f,legacy/reference/rjbesl.f,797d31688a631bd11a92c9409df59013804b03ca9145e42ba6b0c83e48b2451c
CPMGZ_copy18spins64/tstComp.f,legacy/variants/tstComp/5a9df4b0b2a8.f,5a9df4b0b2a8f58abe6fa75fa470a2bfdef77879b4ef29d6050a9e247586d04d
CPMGZ_copy2/chebNMR2D-v6.f,legacy/variants/chebNMR2D-v6/721846d0d02a.f,721846d0d02ae8100ae6778e20b472ced35f21f3cdd4187bcaa3af97577b0f49
CPMGZ_copy2/chebsdPDDGnmr.f,legacy/reference/chebsdPDDGnmr.f,3ff180409da74dc70409b00e3d978f31f62953d13df48057c9121638ba53b223
CPMGZ_copy2/chimstepsPDDGnmr.f,legacy/reference/chimstepsPDDGnmr.f,c84aef0e015bed403aaed2e77ad2b3fda72f893f3d37aad6ab8a52e7c1e97c0e
CPMGZ_copy2/chinitPDDGnmr.f,legacy/reference/chinitPDDGnmr.f,e702fe4b09f4598d91267ee9e040d33b05bbb8096cf4efa22bdf6f418d97eb8a
CPMGZ_copy2/chlogparPDDG.f,legacy/variants/chlogparPDDG/05b4b1fb9525.f,05b4b1fb95255f402838a297747b9eb669308092ebef300915b4ecd81f2f7c21
CPMGZ_copy2/chnmr2d.mak,legacy/variants/chnmr2d/b4d9e60b4228.mak,b4d9e60b42284f8c152d467a9b41212b0f5b701a23e19a0accd99c9ed9f64718
CPMGZ_copy2/chparsfPDDG.f,legacy/reference/chparsfPDDG.f,76c241092c1095651ebcece83a5d8e10087e1c2bdb0f0f0e19ecda26ad3ac65e
CPMGZ_copy2/chparsgenPDDG.f,legacy/reference/chparsgenPDDG.f,0e751dec44549e1a803abefe3acc4a1540c508e5909bf3bc3f11fc40652922f6
CPMGZ_copy2/chsdpar.h,legacy/reference/chsdpar.h,a4c2f2070c254844aaddd1e0280625a05d4af404a56c0116bbedd5da44ae65e5
CPMGZ_copy2/chspecstepsPDDGnmr.f,legacy/reference/chspecstepsPDDGnmr.f,5cfba01f0659c4683a8ff9d1c4713cc6e3760bb1c5536ba83b5805edf3909fb2
CPMGZ_copy2/chstepsPDDGnmr.f,legacy/reference/chstepsPDDGnmr.f,836ad90b3fd7a1f5461d7a6f7dac758a96d8b6c3507309e65763ef618f48a01a
CPMGZ_copy2/gendipnmr2D.f,legacy/reference/gendipnmr2D.f,f1ff25beb2d7b9533a2eec0a06c21f4980d2dabd4c38a018a93ad9181956de18
CPMGZ_copy2/ribesl.f,legacy/reference/ribesl.f,81d91e5b2f6c1e36e6bfb7798e55d80947cd34ece070b56d747bbd9e75d38501
CPMGZ_copy2/rjbesl.f,legacy/reference/rjbesl.f,797d31688a631bd11a92c9409df59013804b03ca9145e42ba6b0c83e48b2451c
CPMGZ_copy2/tstComp.f,legacy/variants/tstComp/5a9df4b0b2a8.f,5a9df4b0b2a8f58abe6fa75fa470a2bfdef77879b4ef29d6050a9e247586d04d
CPMGZ_copy20/chebNMR2D-v6.f,legacy/variants/chebNMR2D-v6/d8285592ec0d.f,d8285592ec0d4af25d387e792f8f6388e63b96054ed22ec5eba76471574eed19
CPMGZ_copy20/chebsdPDDGnmr.f,legacy/reference/chebsdPDDGnmr.f,3ff180409da74dc70409b00e3d978f31f62953d13df48057c9121638ba53b223
CPMGZ_copy20/chimstepsPDDGnmr.f,legacy/reference/chimstepsPDDGnmr.f,c84aef0e015bed403aaed2e77ad2b3fda72f893f3d37aad6ab8a52e7c1e97c0e
CPMGZ_copy20/chinitPDDGnmr.f,legacy/reference/chinitPDDGnmr.f,e702fe4b09f4598d91267ee9e040d33b05bbb8096cf4efa22bdf6f418d97eb8a
CPMGZ_copy20/chlogparPDDG.f,legacy/variants/chlogparPDDG/05b4b1fb9525.f,05b4b1fb95255f402838a297747b9eb669308092ebef300915b4ecd81f2f7c21
CPMGZ_copy20/chnmr2d.mak,legacy/variants/chnmr2d/b4d9e60b4228.mak,b4d9e60b42284f8c152d467a9b41212b0f5b701a23e19a0accd99c9ed9f64718
CPMGZ_copy20/chparsfPDDG.f,legacy/reference/chparsfPDDG.f,76c241092c1095651ebcece83a5d8e10087e1c2bdb0f0f0e19ecda26ad3ac65e
CPMGZ_copy20/chparsgenPDDG.f,legacy/reference/chparsgenPDDG.f,0e751dec44549e1a803abefe3acc4a1540c508e5909bf3bc3f11fc40652922f6
CPMGZ_copy20/chsdpar.h,legacy/reference/chsdpar.h,a4c2f2070c254844aaddd1e0280625a05d4af404a56c0116bbedd5da44ae65e5
CPMGZ_copy20/chspecstepsPDDGnmr.f,legacy/reference/chspecstepsPDDGnmr.f,5cfba01f0659c4683a8ff9d1c4713cc6e3760bb1c5536ba83b5805edf3909fb2
CPMGZ_copy20/chstepsPDDGnmr.f,legacy/reference/chstepsPDDGnmr.f,836ad90b3fd7a1f5461d7a6f7dac758a96d8b6c3507309e65763ef618f48a01a
CPMGZ_copy20/gendipnmr2D.f,legacy/reference/gendipnmr2D.f,f1ff25beb2d7b9533a2eec0a06c21f4980d2dabd4c38a018a93ad9181956de18
CPMGZ_copy20/ribesl.f,legacy/reference/ribesl.f,81d91e5b2f6c1e36e6bfb7798e55d80947cd34ece070b56d747bbd9e75d38501
CPMGZ_copy20/rjbesl.f,legacy/reference/rjbesl.f,797d31688a631bd11a92c9409df59013804b03ca9145e42ba6b0c83e48b2451c
CPMGZ_copy20/tstComp.f,legacy/variants/tstComp/5a9df4b0b2a8.f,5a9df4b0b2a8f58abe6fa75fa470a2bfdef77879b4ef29d6050a9e247586d04d
CPMGZ_copy20_ver2/chebNMR2D-v6.f,legacy/variants/chebNMR2D-v6/d8285592ec0d.f,d8285592ec0d4af25d387e792f8f6388e63b96054ed22ec5eba76471574eed19
CPMGZ_copy20_ver2/chebsdPDDGnmr.f,legacy/reference/chebsdPDDGnmr.f,3ff180409da74dc70409b00e3d978f31f62953d13df48057c9121638ba53b223
CPMGZ_copy20_ver2/chimstepsPDDGnmr.f,legacy/reference/chimstepsPDDGnmr.f,c84aef0e015bed403aaed2e77ad2b3fda72f893f3d37aad6ab8a52e7c1e97c0e
CPMGZ_copy20_ver2/chinitPDDGnmr.f,legacy/reference/chinitPDDGnmr.f,e702fe4b09f4598d91267ee9e040d33b05bbb8096cf4efa22bdf6f418d97eb8a
CPMGZ_copy20_ver2/chlogparPDDG.f,legacy/variants/chlogparPDDG/05b4b1fb9525.f,05b4b1fb95255f402838a297747b9eb669308092ebef300915b4ecd81f2f7c21
CPMGZ_copy20_ver2/chnmr2d.mak,legacy/variants/chnmr2d/b4d9e60b4228.mak,b4d9e60b42284f8c152d467a9b41212b0f5b701a23e19a0accd99c9ed9f64718
CPMGZ_copy20_ver2/chparsfPDDG.f,legacy/reference/chparsfPDDG.f,76c241092c1095651ebcece83a5d8e10087e1c2bdb0f0f0e19ecda26ad3ac65e
CPMGZ_copy20_ver2/chparsgenPDDG.f,legacy/reference/chparsgenPDDG.f,0e751dec44549e1a803abefe3acc4a1540c508e5909bf3bc3f11fc40652922f6
CPMGZ_copy20_ver2/chsdpar.h,legacy/reference/chsdpar.h,a4c2f2070c254844aaddd1e0280625a05d4af404a56c0116bbedd5da44ae65e5
CPMGZ_copy20_ver2/chspecstepsPDDGnmr.f,legacy/reference/chspecstepsPDDGnmr.f,5cfba01f0659c4683a8ff9d1c4713cc6e3760bb1c5536ba83b5805edf3909fb2
CPMGZ_copy20_ver2/chstepsPDDGnmr.f,legacy/reference/chstepsPDDGnmr.f,836ad90b3fd7a1f5461d7a6f7dac758a96d8b6c3507309e65763ef618f48a01a
CPMGZ_copy20_ver2/gendipnmr2D.f,legacy/reference/gendipnmr2D.f,f1ff25beb2d7b9533a2eec0a06c21f4980d2dabd4c38a018a93ad9181956de18
CPMGZ_copy20_ver2/graphika.py,legacy/variants/graphika/b175811ad8d9.py,b175811ad8d988830ef635be1721d8533954533f9dfad6a8cc72bd166c128a6b
CPMGZ_copy20_ver2/ribesl.f,legacy/reference/ribesl.f,81d91e5b2f6c1e36e6bfb7798e55d80947cd34ece070b56d747bbd9e75d38501
CPMGZ_copy20_ver2/rjbesl.f,legacy/reference/rjbesl.f,797d31688a631bd11a92c9409df59013804b03ca9145e42ba6b0c83e48b2451c
CPMGZ_copy20_ver2/tstComp.f,legacy/variants/tstComp/5a9df4b0b2a8.f,5a9df4b0b2a8f58abe6fa75fa470a2bfdef77879b4ef29d6050a9e247586d04d
CPMGZ_copy6/chebNMR2D-v6.f,legacy/variants/chebNMR2D-v6/721846d0d02a.f,721846d0d02ae8100ae6778e20b472ced35f21f3cdd4187bcaa3af97577b0f49
CPMGZ_copy6/chebsdPDDGnmr.f,legacy/reference/chebsdPDDGnmr.f,3ff180409da74dc70409b00e3d978f31f62953d13df48057c9121638ba53b223
CPMGZ_copy6/chimstepsPDDGnmr.f,legacy/reference/chimstepsPDDGnmr.f,c84aef0e015bed403aaed2e77ad2b3fda72f893f3d37aad6ab8a52e7c1e97c0e
CPMGZ_copy6/chinitPDDGnmr.f,legacy/reference/chinitPDDGnmr.f,e702fe4b09f4598d91267ee9e040d33b05bbb8096cf4efa22bdf6f418d97eb8a
CPMGZ_copy6/chlogparPDDG.f,legacy/variants/chlogparPDDG/05b4b1fb9525.f,05b4b1fb95255f402838a297747b9eb669308092ebef300915b4ecd81f2f7c21
CPMGZ_copy6/chnmr2d.mak,legacy/variants/chnmr2d/b4d9e60b4228.mak,b4d9e60b42284f8c152d467a9b41212b0f5b701a23e19a0accd99c9ed9f64718
CPMGZ_copy6/chparsfPDDG.f,legacy/reference/chparsfPDDG.f,76c241092c1095651ebcece83a5d8e10087e1c2bdb0f0f0e19ecda26ad3ac65e
CPMGZ_copy6/chparsgenPDDG.f,legacy/reference/chparsgenPDDG.f,0e751dec44549e1a803abefe3acc4a1540c508e5909bf3bc3f11fc40652922f6
CPMGZ_copy6/chsdpar.h,legacy/reference/chsdpar.h,a4c2f2070c254844aaddd1e0280625a05d4af404a56c0116bbedd5da44ae65e5
CPMGZ_copy6/chspecstepsPDDGnmr.f,legacy/reference/chspecstepsPDDGnmr.f,5cfba01f0659c4683a8ff9d1c4713cc6e3760bb1c5536ba83b5805edf3909fb2
CPMGZ_copy6/chstepsPDDGnmr.f,legacy/reference/chstepsPDDGnmr.f,836ad90b3fd7a1f5461d7a6f7dac758a96d8b6c3507309e65763ef618f48a01a
CPMGZ_copy6/gendipnmr2D.f,legacy/reference/gendipnmr2D.f,f1ff25beb2d7b9533a2eec0a06c21f4980d2dabd4c38a018a93ad9181956de18
CPMGZ_copy6/ribesl.f,legacy/reference/ribesl.f,81d91e5b2f6c1e36e6bfb7798e55d80947cd34ece070b56d747bbd9e75d38501
CPMGZ_copy6/rjbesl.f,legacy/reference/rjbesl.f,797d31688a631bd11a92c9409df59013804b03ca9145e42ba6b0c83e48b2451c
CPMGZ_copy6/tstComp.f,legacy/variants/tstComp/5a9df4b0b2a8.f,5a9df4b0b2a8f58abe6fa75fa470a2bfdef77879b4ef29d6050a9e247586d04d
CPMGZ_copy7/chebNMR2D-v6.f,legacy/variants/chebNMR2D-v6/721846d0d02a.f,721846d0d02ae8100ae6778e20b472ced35f21f3cdd4187bcaa3af97577b0f49
CPMGZ_copy7/chebsdPDDGnmr.f,legacy/reference/chebsdPDDGnmr.f,3ff180409da74dc70409b00e3d978f31f62953d13df48057c9121638ba53b223
CPMGZ_copy7/chimstepsPDDGnmr.f,legacy/reference/chimstepsPDDGnmr.f,c84aef0e015bed403aaed2e77ad2b3fda72f893f3d37aad6ab8a52e7c1e97c0e
CPMGZ_copy7/chinitPDDGnmr.f,legacy/reference/chinitPDDGnmr.f,e702fe4b09f4598d91267ee9e040d33b05bbb8096cf4efa22bdf6f418d97eb8a
CPMGZ_copy7/chlogparPDDG.f,legacy/variants/chlogparPDDG/05b4b1fb9525.f,05b4b1fb95255f402838a297747b9eb669308092ebef300915b4ecd81f2f7c21
CPMGZ_copy7/chnmr2d.mak,legacy/variants/chnmr2d/b4d9e60b4228.mak,b4d9e60b42284f8c152d467a9b41212b0f5b701a23e19a0accd99c9ed9f64718
CPMGZ_copy7/chparsfPDDG.f,legacy/reference/chparsfPDDG.f,76c241092c1095651ebcece83a5d8e10087e1c2bdb0f0f0e19ecda26ad3ac65e
CPMGZ_copy7/chparsgenPDDG.f,legacy/reference/chparsgenPDDG.f,0e751dec44549e1a803abefe3acc4a1540c508e5909bf3bc3f11fc40652922f6
CPMGZ_copy7/chsdpar.h,legacy/reference/chsdpar.h,a4c2f2070c254844aaddd1e0280625a05d4af404a56c0116bbedd5da44ae65e5
CPMGZ_copy7/chspecstepsPDDGnmr.f,legacy/reference/chspecstepsPDDGnmr.f,5cfba01f0659c4683a8ff9d1c4713cc6e3760bb1c5536ba83b5805edf3909fb2
CPMGZ_copy7/chstepsPDDGnmr.f,legacy/reference/chstepsPDDGnmr.f,836ad90b3fd7a1f5461d7a6f7dac758a96d8b6c3507309e65763ef618f48a01a
CPMGZ_copy7/gendipnmr2D.f,legacy/reference/gendipnmr2D.f,f1ff25beb2d7b9533a2eec0a06c21f4980d2dabd4c38a018a93ad9181956de18
CPMGZ_copy7/graphika.py,legacy/variants/graphika/be08113e270b.py,be08113e270ba93f71c2f9cc45a84c004ee8a65514dfedac214a88b28121e57f
CPMGZ_copy7/ribesl.f,legacy/reference/ribesl.f,81d91e5b2f6c1e36e6bfb7798e55d80947cd34ece070b56d747bbd9e75d38501
CPMGZ_copy7/rjbesl.f,legacy/reference/rjbesl.f,797d31688a631bd11a92c9409df59013804b03ca9145e42ba6b0c83e48b2451c
CPMGZ_copy7/tstComp.f,legacy/variants/tstComp/5a9df4b0b2a8.f,5a9df4b0b2a8f58abe6fa75fa470a2bfdef77879b4ef29d6050a9e247586d04d
CPMGZ_copy8/chebNMR2D-v6.f,legacy/variants/chebNMR2D-v6/721846d0d02a.f,721846d0d02ae8100ae6778e20b472ced35f21f3cdd4187bcaa3af97577b0f49
CPMGZ_copy8/chebsdPDDGnmr.f,legacy/reference/chebsdPDDGnmr.f,3ff180409da74dc70409b00e3d978f31f62953d13df48057c9121638ba53b223
CPMGZ_copy8/chimstepsPDDGnmr.f,legacy/reference/chimstepsPDDGnmr.f,c84aef0e015bed403aaed2e77ad2b3fda72f893f3d37aad6ab8a52e7c1e97c0e
CPMGZ_copy8/chinitPDDGnmr.f,legacy/reference/chinitPDDGnmr.f,e702fe4b09f4598d91267ee9e040d33b05bbb8096cf4efa22bdf6f418d97eb8a
CPMGZ_copy8/chlogparPDDG.f,legacy/variants/chlogparPDDG/05b4b1fb9525.f,05b4b1fb95255f402838a297747b9eb669308092ebef300915b4ecd81f2f7c21
CPMGZ_copy8/chnmr2d.mak,legacy/variants/chnmr2d/b4d9e60b4228.mak,b4d9e60b42284f8c152d467a9b41212b0f5b701a23e19a0accd99c9ed9f64718
CPMGZ_copy8/chparsfPDDG.f,legacy/reference/chparsfPDDG.f,76c241092c1095651ebcece83a5d8e10087e1c2bdb0f0f0e19ecda26ad3ac65e
CPMGZ_copy8/chparsgenPDDG.f,legacy/reference/chparsgenPDDG.f,0e751dec44549e1a803abefe3acc4a1540c508e5909bf3bc3f11fc40652922f6
CPMGZ_copy8/chsdpar.h,legacy/reference/chsdpar.h,a4c2f2070c254844aaddd1e0280625a05d4af404a56c0116bbedd5da44ae65e5
CPMGZ_copy8/chspecstepsPDDGnmr.f,legacy/reference/chspecstepsPDDGnmr.f,5cfba01f0659c4683a8ff9d1c4713cc6e3760bb1c5536ba83b5805edf3909fb2
CPMGZ_copy8/chstepsPDDGnmr.f,legacy/reference/chstepsPDDGnmr.f,836ad90b3fd7a1f5461d7a6f7dac758a96d8b6c3507309e65763ef618f48a01a
CPMGZ_copy8/gendipnmr2D.f,legacy/reference/gendipnmr2D.f,f1ff25beb2d7b9533a2eec0a06c21f4980d2dabd4c38a018a93ad9181956de18
CPMGZ_copy8/ribesl.f,legacy/reference/ribesl.f,81d91e5b2f6c1e36e6bfb7798e55d80947cd34ece070b56d747bbd9e75d38501
CPMGZ_copy8/rjbesl.f,legacy/reference/rjbesl.f,797d31688a631bd11a92c9409df59013804b03ca9145e42ba6b0c83e48b2451c
CPMGZ_copy8/tstComp.f,legacy/variants/tstComp/5a9df4b0b2a8.f,5a9df4b0b2a8f58abe6fa75fa470a2bfdef77879b4ef29d6050a9e247586d04d
Cheb/chebPDDG.f,legacy/variants/chebPDDG/20e5022a0d3b.f,20e5022a0d3bcd13f2765e787ab6ea8716a065712a0c1422104857c03fadcdf3
Cheb/chebsdPDDG.f,legacy/variants/chebsdPDDG/99f41ea0351d.f,99f41ea0351dce5f2a6fe770c71c6b5826e8ea3a618d8a354ee240c53f109bb1
Cheb/chimstepsPDDG.f,legacy/variants/chimstepsPDDG/9c0040e37d1b.f,9c0040e37d1b317eb02bede1b81a445cb614887195c5e169a8615e7ae1485fe0
Cheb/chlogparPDDG.f,legacy/reference/chlogparPDDG.f,e9348156c662ec264db1703177a4dbd191c2890bde61ae892d4aa8f2059e5844
Cheb/chparsfPDDG.f,legacy/reference/chparsfPDDG.f,76c241092c1095651ebcece83a5d8e10087e1c2bdb0f0f0e19ecda26ad3ac65e
Cheb/chparsgenPDDG.f,legacy/reference/chparsgenPDDG.f,0e751dec44549e1a803abefe3acc4a1540c508e5909bf3bc3f11fc40652922f6
Cheb/chreimPDDG.mak,legacy/variants/chreimPDDG/08957c04ed0b.mak,08957c04ed0b60154f9e5502a6224518b203b12fded7d5b720b131b8f748d857
Cheb/chsdpar.h,legacy/reference/chsdpar.h,a4c2f2070c254844aaddd1e0280625a05d4af404a56c0116bbedd5da44ae65e5
Cheb/chspecstepsPDDG.f,legacy/variants/chspecstepsPDDG/621a818f1512.f,621a818f151246c5a1574c7c1c713e6c45d0220803b1442f20a29382db876106
Cheb/chstepsPDDG.f,legacy/variants/chstepsPDDG/b722f025d97a.f,b722f025d97aaa9b73eb70e3339f019731ac3f98cb501ce7f57908e8bf74e259
Cheb/ribesl.f,legacy/reference/ribesl.f,81d91e5b2f6c1e36e6bfb7798e55d80947cd34ece070b56d747bbd9e75d38501
Cheb/rjbesl.f,legacy/reference/rjbesl.f,797d31688a631bd11a92c9409df59013804b03ca9145e42ba6b0c83e48b2451c
Cheb/tstComp.f,legacy/variants/tstComp/5a9df4b0b2a8.f,5a9df4b0b2a8f58abe6fa75fa470a2bfdef77879b4ef29d6050a9e247586d04d
Graphics_CPMG/Graphika.py,legacy/variants/graphika/ac6eee28b19d.py,ac6eee28b19ddc838a431fe2702e6ac5dc74ccca2925886d98cfc1f3908d2518
Rabi/chebNMR2D-v6.f,legacy/variants/chebNMR2D-v6/d8285592ec0d.f,d8285592ec0d4af25d387e792f8f6388e63b96054ed22ec5eba76471574eed19
Rabi/chebsdPDDGnmr.f,legacy/reference/chebsdPDDGnmr.f,3ff180409da74dc70409b00e3d978f31f62953d13df48057c9121638ba53b223
Rabi/chimstepsPDDGnmr.f,legacy/reference/chimstepsPDDGnmr.f,c84aef0e015bed403aaed2e77ad2b3fda72f893f3d37aad6ab8a52e7c1e97c0e
Rabi/chinitPDDGnmr.f,legacy/reference/chinitPDDGnmr.f,e702fe4b09f4598d91267ee9e040d33b05bbb8096cf4efa22bdf6f418d97eb8a
Rabi/chlogparPDDG.f,legacy/variants/chlogparPDDG/05b4b1fb9525.f,05b4b1fb95255f402838a297747b9eb669308092ebef300915b4ecd81f2f7c21
Rabi/chnmr2d.mak,legacy/variants/chnmr2d/b4d9e60b4228.mak,b4d9e60b42284f8c152d467a9b41212b0f5b701a23e19a0accd99c9ed9f64718
Rabi/chparsfPDDG.f,legacy/reference/chparsfPDDG.f,76c241092c1095651ebcece83a5d8e10087e1c2bdb0f0f0e19ecda26ad3ac65e
Rabi/chparsgenPDDG.f,legacy/reference/chparsgenPDDG.f,0e751dec44549e1a803abefe3acc4a1540c508e5909bf3bc3f11fc40652922f6
Rabi/chsdpar.h,legacy/reference/chsdpar.h,a4c2f2070c254844aaddd1e0280625a05d4af404a56c0116bbedd5da44ae65e5
Rabi/chspecstepsPDDGnmr.f,legacy/reference/chspecstepsPDDGnmr.f,5cfba01f0659c4683a8ff9d1c4713cc6e3760bb1c5536ba83b5805edf3909fb2
Rabi/chstepsPDDGnmr.f,legacy/reference/chstepsPDDGnmr.f,836ad90b3fd7a1f5461d7a6f7dac758a96d8b6c3507309e65763ef618f48a01a
Rabi/gendipnmr2D.f,legacy/reference/gendipnmr2D.f,f1ff25beb2d7b9533a2eec0a06c21f4980d2dabd4c38a018a93ad9181956de18
Rabi/graphika.py,legacy/variants/graphika/1cb3846b7076.py,1cb3846b7076eaf638b1cea80b236d7058501ab34fe1082de6f292ac28c01a1b
Rabi/ribesl.f,legacy/reference/ribesl.f,81d91e5b2f6c1e36e6bfb7798e55d80947cd34ece070b56d747bbd9e75d38501
Rabi/rjbesl.f,legacy/reference/rjbesl.f,797d31688a631bd11a92c9409df59013804b03ca9145e42ba6b0c83e48b2451c
Rabi/tstComp.f,legacy/variants/tstComp/5a9df4b0b2a8.f,5a9df4b0b2a8f58abe6fa75fa470a2bfdef77879b4ef29d6050a9e247586d04d
Rabi_10_50/chebNMR2D-v6.f,legacy/variants/chebNMR2D-v6/d8285592ec0d.f,d8285592ec0d4af25d387e792f8f6388e63b96054ed22ec5eba76471574eed19
Rabi_10_50/chebsdPDDGnmr.f,legacy/reference/chebsdPDDGnmr.f,3ff180409da74dc70409b00e3d978f31f62953d13df48057c9121638ba53b223
Rabi_10_50/chimstepsPDDGnmr.f,legacy/reference/chimstepsPDDGnmr.f,c84aef0e015bed403aaed2e77ad2b3fda72f893f3d37aad6ab8a52e7c1e97c0e
Rabi_10_50/chinitPDDGnmr.f,legacy/reference/chinitPDDGnmr.f,e702fe4b09f4598d91267ee9e040d33b05bbb8096cf4efa22bdf6f418d97eb8a
Rabi_10_50/chlogparPDDG.f,legacy/variants/chlogparPDDG/05b4b1fb9525.f,05b4b1fb95255f402838a297747b9eb669308092ebef300915b4ecd81f2f7c21
Rabi_10_50/chnmr2d.mak,legacy/variants/chnmr2d/b4d9e60b4228.mak,b4d9e60b42284f8c152d467a9b41212b0f5b701a23e19a0accd99c9ed9f64718
Rabi_10_50/chparsfPDDG.f,legacy/reference/chparsfPDDG.f,76c241092c1095651ebcece83a5d8e10087e1c2bdb0f0f0e19ecda26ad3ac65e
Rabi_10_50/chparsgenPDDG.f,legacy/reference/chparsgenPDDG.f,0e751dec44549e1a803abefe3acc4a1540c508e5909bf3bc3f11fc40652922f6
Rabi_10_50/chsdpar.h,legacy/reference/chsdpar.h,a4c2f2070c254844aaddd1e0280625a05d4af404a56c0116bbedd5da44ae65e5
Rabi_10_50/chspecstepsPDDGnmr.f,legacy/reference/chspecstepsPDDGnmr.f,5cfba01f0659c4683a8ff9d1c4713cc6e3760bb1c5536ba83b5805edf3909fb2
Rabi_10_50/chstepsPDDGnmr.f,legacy/reference/chstepsPDDGnmr.f,836ad90b3fd7a1f5461d7a6f7dac758a96d8b6c3507309e65763ef618f48a01a
Rabi_10_50/gendipnmr2D.f,legacy/reference/gendipnmr2D.f,f1ff25beb2d7b9533a2eec0a06c21f4980d2dabd4c38a018a93ad9181956de18
Rabi_10_50/graphika.py,legacy/variants/graphika/a232b78e1cce.py,a232b78e1ccea399b96f7c00dff39fc7eefec87baa206739f6e5e94f1e0fa34b
Rabi_10_50/ribesl.f,legacy/reference/ribesl.f,81d91e5b2f6c1e36e6bfb7798e55d80947cd34ece070b56d747bbd9e75d38501
Rabi_10_50/rjbesl.f,legacy/reference/rjbesl.f,797d31688a631bd11a92c9409df59013804b03ca9145e42ba6b0c83e48b2451c
Rabi_10_50/tstComp.f,legacy/variants/tstComp/5a9df4b0b2a8.f,5a9df4b0b2a8f58abe6fa75fa470a2bfdef77879b4ef29d6050a9e247586d04d
Rabi_10_SxSx/chebNMR2D-v6.f,legacy/variants/chebNMR2D-v6/5fa87fc1a234.f,5fa87fc1a2344694af24c114b4f9983e3f4159a9d0a9f9754dfa82c952b329c4
Rabi_10_SxSx/chebsdPDDGnmr.f,legacy/variants/chebsdPDDGnmr/fc643bdcc21d.f,fc643bdcc21d12c6fbc0dcc70df98cc973715d0fc050fe106ece06fb438a280e
Rabi_10_SxSx/chebsdPDDGnmrabi.f,legacy/variants/chebsdPDDGnmrabi/0b70fd927d37.f,0b70fd927d3788722a3ca4a01d9709b7b82242d9539551e02c95c62ddc314043
Rabi_10_SxSx/chimstepsPDDGnmr.f,legacy/reference/chimstepsPDDGnmr.f,c84aef0e015bed403aaed2e77ad2b3fda72f893f3d37aad6ab8a52e7c1e97c0e
Rabi_10_SxSx/chinitPDDGnmr.f,legacy/reference/chinitPDDGnmr.f,e702fe4b09f4598d91267ee9e040d33b05bbb8096cf4efa22bdf6f418d97eb8a
Rabi_10_SxSx/chlogparPDDG.f,legacy/variants/chlogparPDDG/05b4b1fb9525.f,05b4b1fb95255f402838a297747b9eb669308092ebef300915b4ecd81f2f7c21
Rabi_10_SxSx/chnmr2d.mak,legacy/variants/chnmr2d/b4d9e60b4228.mak,b4d9e60b42284f8c152d467a9b41212b0f5b701a23e19a0accd99c9ed9f64718
Rabi_10_SxSx/chparsfPDDG.f,legacy/reference/chparsfPDDG.f,76c241092c1095651ebcece83a5d8e10087e1c2bdb0f0f0e19ecda26ad3ac65e
Rabi_10_SxSx/chparsgenPDDG.f,legacy/reference/chparsgenPDDG.f,0e751dec44549e1a803abefe3acc4a1540c508e5909bf3bc3f11fc40652922f6
Rabi_10_SxSx/chsdpar.h,legacy/reference/chsdpar.h,a4c2f2070c254844aaddd1e0280625a05d4af404a56c0116bbedd5da44ae65e5
Rabi_10_SxSx/chspecstepsPDDGnmr.f,legacy/reference/chspecstepsPDDGnmr.f,5cfba01f0659c4683a8ff9d1c4713cc6e3760bb1c5536ba83b5805edf3909fb2
Rabi_10_SxSx/chstepsPDDGnmr.f,legacy/reference/chstepsPDDGnmr.f,836ad90b3fd7a1f5461d7a6f7dac758a96d8b6c3507309e65763ef618f48a01a
Rabi_10_SxSx/gendipnmr2D.f,legacy/reference/gendipnmr2D.f,f1ff25beb2d7b9533a2eec0a06c21f4980d2dabd4c38a018a93ad9181956de18
Rabi_10_SxSx/graphika.py,legacy/variants/graphika/048953efc842.py,048953efc842f9d9683a78305ab21e35a4c50d183f93a9881b377abd10803dac
Rabi_10_SxSx/ribesl.f,legacy/reference/ribesl.f,81d91e5b2f6c1e36e6bfb7798e55d80947cd34ece070b56d747bbd9e75d38501
Rabi_10_SxSx/rjbesl.f,legacy/reference/rjbesl.f,797d31688a631bd11a92c9409df59013804b03ca9145e42ba6b0c83e48b2451c
Rabi_10_SxSx/tstComp.f,legacy/variants/tstComp/5a9df4b0b2a8.f,5a9df4b0b2a8f58abe6fa75fa470a2bfdef77879b4ef29d6050a9e247586d04d
Rabi_10_SxSz/chebNMR2D-v6.f,legacy/variants/chebNMR2D-v6/5fa87fc1a234.f,5fa87fc1a2344694af24c114b4f9983e3f4159a9d0a9f9754dfa82c952b329c4
Rabi_10_SxSz/chebsdPDDGnmr.f,legacy/variants/chebsdPDDGnmr/a9b0f5b879f3.f,a9b0f5b879f33cbfe06074e1b0b0fef20b3c08a747d520117a97093a07122eeb
Rabi_10_SxSz/chebsdPDDGnmrabi.f,legacy/variants/chebsdPDDGnmrabi/0b70fd927d37.f,0b70fd927d3788722a3ca4a01d9709b7b82242d9539551e02c95c62ddc314043
Rabi_10_SxSz/chimstepsPDDGnmr.f,legacy/reference/chimstepsPDDGnmr.f,c84aef0e015bed403aaed2e77ad2b3fda72f893f3d37aad6ab8a52e7c1e97c0e
Rabi_10_SxSz/chinitPDDGnmr.f,legacy/reference/chinitPDDGnmr.f,e702fe4b09f4598d91267ee9e040d33b05bbb8096cf4efa22bdf6f418d97eb8a
Rabi_10_SxSz/chlogparPDDG.f,legacy/variants/chlogparPDDG/05b4b1fb9525.f,05b4b1fb95255f402838a297747b9eb669308092ebef300915b4ecd81f2f7c21
Rabi_10_SxSz/chnmr2d.mak,legacy/variants/chnmr2d/b4d9e60b4228.mak,b4d9e60b42284f8c152d467a9b41212b0f5b701a23e19a0accd99c9ed9f64718
Rabi_10_SxSz/chparsfPDDG.f,legacy/reference/chparsfPDDG.f,76c241092c1095651ebcece83a5d8e10087e1c2bdb0f0f0e19ecda26ad3ac65e
Rabi_10_SxSz/chparsgenPDDG.f,legacy/reference/chparsgenPDDG.f,0e751dec44549e1a803abefe3acc4a1540c508e5909bf3bc3f11fc40652922f6
Rabi_10_SxSz/chsdpar.h,legacy/reference/chsdpar.h,a4c2f2070c254844aaddd1e0280625a05d4af404a56c0116bbedd5da44ae65e5
Rabi_10_SxSz/chspecstepsPDDGnmr.f,legacy/reference/chspecstepsPDDGnmr.f,5cfba01f0659c4683a8ff9d1c4713cc6e3760bb1c5536ba83b5805edf3909fb2
Rabi_10_SxSz/chstepsPDDGnmr.f,legacy/reference/chstepsPDDGnmr.f,836ad90b3fd7a1f5461d7a6f7dac758a96d8b6c3507309e65763ef618f48a01a
Rabi_10_SxSz/gendipnmr2D.f,legacy/reference/gendipnmr2D.f,f1ff25beb2d7b9533a2eec0a06c21f4980d2dabd4c38a018a93ad9181956de18
Rabi_10_SxSz/graphika.py,legacy/variants/graphika/a232b78e1cce.py,a232b78e1ccea399b96f7c00dff39fc7eefec87baa206739f6e5e94f1e0fa34b
Rabi_10_SxSz/ribesl.f,legacy/reference/ribesl.f,81d91e5b2f6c1e36e6bfb7798e55d80947cd34ece070b56d747bbd9e75d38501
Rabi_10_SxSz/rjbesl.f,legacy/reference/rjbesl.f,797d31688a631bd11a92c9409df59013804b03ca9145e42ba6b0c83e48b2451c
Rabi_10_SxSz/tstComp.f,legacy/variants/tstComp/5a9df4b0b2a8.f,5a9df4b0b2a8f58abe6fa75fa470a2bfdef77879b4ef29d6050a9e247586d04d
Rabi_10_SxSz/±,legacy/variants/plus-minus/92ceb10460b2.f,92ceb10460b2567093b1089326b394c3bbf9fc24d365519ec1b074db481a207f
Rabi_10_SySy/chebNMR2D-v6.f,legacy/variants/chebNMR2D-v6/5fa87fc1a234.f,5fa87fc1a2344694af24c114b4f9983e3f4159a9d0a9f9754dfa82c952b329c4
Rabi_10_SySy/chebsdPDDGnmr.f,legacy/variants/chebsdPDDGnmr/fae4fc986b66.f,fae4fc986b663de6b6b971e2cb3bfd9fdf69c9f15828b8d590a22e5271f3c3c4
Rabi_10_SySy/chebsdPDDGnmrabi.f,legacy/variants/chebsdPDDGnmrabi/0b70fd927d37.f,0b70fd927d3788722a3ca4a01d9709b7b82242d9539551e02c95c62ddc314043
Rabi_10_SySy/chimstepsPDDGnmr.f,legacy/reference/chimstepsPDDGnmr.f,c84aef0e015bed403aaed2e77ad2b3fda72f893f3d37aad6ab8a52e7c1e97c0e
Rabi_10_SySy/chinitPDDGnmr.f,legacy/reference/chinitPDDGnmr.f,e702fe4b09f4598d91267ee9e040d33b05bbb8096cf4efa22bdf6f418d97eb8a
Rabi_10_SySy/chlogparPDDG.f,legacy/variants/chlogparPDDG/05b4b1fb9525.f,05b4b1fb95255f402838a297747b9eb669308092ebef300915b4ecd81f2f7c21
Rabi_10_SySy/chnmr2d.mak,legacy/variants/chnmr2d/b4d9e60b4228.mak,b4d9e60b42284f8c152d467a9b41212b0f5b701a23e19a0accd99c9ed9f64718
Rabi_10_SySy/chparsfPDDG.f,legacy/reference/chparsfPDDG.f,76c241092c1095651ebcece83a5d8e10087e1c2bdb0f0f0e19ecda26ad3ac65e
Rabi_10_SySy/chparsgenPDDG.f,legacy/reference/chparsgenPDDG.f,0e751dec44549e1a803abefe3acc4a1540c508e5909bf3bc3f11fc40652922f6
Rabi_10_SySy/chsdpar.h,legacy/reference/chsdpar.h,a4c2f2070c254844aaddd1e0280625a05d4af404a56c0116bbedd5da44ae65e5
Rabi_10_SySy/chspecstepsPDDGnmr.f,legacy/reference/chspecstepsPDDGnmr.f,5cfba01f0659c4683a8ff9d1c4713cc6e3760bb1c5536ba83b5805edf3909fb2
Rabi_10_SySy/chstepsPDDGnmr.f,legacy/reference/chstepsPDDGnmr.f,836ad90b3fd7a1f5461d7a6f7dac758a96d8b6c3507309e65763ef618f48a01a
Rabi_10_SySy/gendipnmr2D.f,legacy/reference/gendipnmr2D.f,f1ff25beb2d7b9533a2eec0a06c21f4980d2dabd4c38a018a93ad9181956de18
Rabi_10_SySy/graphika.py,legacy/variants/graphika/048953efc842.py,048953efc842f9d9683a78305ab21e35a4c50d183f93a9881b377abd10803dac
Rabi_10_SySy/ribesl.f,legacy/reference/ribesl.f,81d91e5b2f6c1e36e6bfb7798e55d80947cd34ece070b56d747bbd9e75d38501
Rabi_10_SySy/rjbesl.f,legacy/reference/rjbesl.f,797d31688a631bd11a92c9409df59013804b03ca9145e42ba6b0c83e48b2451c
Rabi_10_SySy/tstComp.f,legacy/variants/tstComp/5a9df4b0b2a8.f,5a9df4b0b2a8f58abe6fa75fa470a2bfdef77879b4ef29d6050a9e247586d04d
Rabi_10_SzSz/chebNMR2D-v6.f,legacy/variants/chebNMR2D-v6/5fa87fc1a234.f,5fa87fc1a2344694af24c114b4f9983e3f4159a9d0a9f9754dfa82c952b329c4
Rabi_10_SzSz/chebsdPDDGnmr.f,legacy/variants/chebsdPDDGnmr/a9b0f5b879f3.f,a9b0f5b879f33cbfe06074e1b0b0fef20b3c08a747d520117a97093a07122eeb
Rabi_10_SzSz/chebsdPDDGnmrabi.f,legacy/variants/chebsdPDDGnmrabi/0b70fd927d37.f,0b70fd927d3788722a3ca4a01d9709b7b82242d9539551e02c95c62ddc314043
Rabi_10_SzSz/chimstepsPDDGnmr.f,legacy/reference/chimstepsPDDGnmr.f,c84aef0e015bed403aaed2e77ad2b3fda72f893f3d37aad6ab8a52e7c1e97c0e
Rabi_10_SzSz/chinitPDDGnmr.f,legacy/reference/chinitPDDGnmr.f,e702fe4b09f4598d91267ee9e040d33b05bbb8096cf4efa22bdf6f418d97eb8a
Rabi_10_SzSz/chlogparPDDG.f,legacy/variants/chlogparPDDG/05b4b1fb9525.f,05b4b1fb95255f402838a297747b9eb669308092ebef300915b4ecd81f2f7c21
Rabi_10_SzSz/chnmr2d.mak,legacy/variants/chnmr2d/b4d9e60b4228.mak,b4d9e60b42284f8c152d467a9b41212b0f5b701a23e19a0accd99c9ed9f64718
Rabi_10_SzSz/chparsfPDDG.f,legacy/reference/chparsfPDDG.f,76c241092c1095651ebcece83a5d8e10087e1c2bdb0f0f0e19ecda26ad3ac65e
Rabi_10_SzSz/chparsgenPDDG.f,legacy/reference/chparsgenPDDG.f,0e751dec44549e1a803abefe3acc4a1540c508e5909bf3bc3f11fc40652922f6
Rabi_10_SzSz/chsdpar.h,legacy/reference/chsdpar.h,a4c2f2070c254844aaddd1e0280625a05d4af404a56c0116bbedd5da44ae65e5
Rabi_10_SzSz/chspecstepsPDDGnmr.f,legacy/reference/chspecstepsPDDGnmr.f,5cfba01f0659c4683a8ff9d1c4713cc6e3760bb1c5536ba83b5805edf3909fb2
Rabi_10_SzSz/chstepsPDDGnmr.f,legacy/reference/chstepsPDDGnmr.f,836ad90b3fd7a1f5461d7a6f7dac758a96d8b6c3507309e65763ef618f48a01a
Rabi_10_SzSz/gendipnmr2D.f,legacy/reference/gendipnmr2D.f,f1ff25beb2d7b9533a2eec0a06c21f4980d2dabd4c38a018a93ad9181956de18
Rabi_10_SzSz/graphika.py,legacy/variants/graphika/7fcea0e31c30.py,7fcea0e31c30a655f18e9ba780010344f0a4c4efd96f6cb557fd830e52cda570
Rabi_10_SzSz/ribesl.f,legacy/reference/ribesl.f,81d91e5b2f6c1e36e6bfb7798e55d80947cd34ece070b56d747bbd9e75d38501
Rabi_10_SzSz/rjbesl.f,legacy/reference/rjbesl.f,797d31688a631bd11a92c9409df59013804b03ca9145e42ba6b0c83e48b2451c
Rabi_10_SzSz/tstComp.f,legacy/variants/tstComp/5a9df4b0b2a8.f,5a9df4b0b2a8f58abe6fa75fa470a2bfdef77879b4ef29d6050a9e247586d04d
Rabi_10_SzSz_100Pi copy/chebNMR2D-v6.f,legacy/variants/chebNMR2D-v6/5fa87fc1a234.f,5fa87fc1a2344694af24c114b4f9983e3f4159a9d0a9f9754dfa82c952b329c4
Rabi_10_SzSz_100Pi copy/chebsdPDDGnmr.f,legacy/variants/chebsdPDDGnmr/a9b0f5b879f3.f,a9b0f5b879f33cbfe06074e1b0b0fef20b3c08a747d520117a97093a07122eeb
Rabi_10_SzSz_100Pi copy/chebsdPDDGnmrabi.f,legacy/variants/chebsdPDDGnmrabi/0b70fd927d37.f,0b70fd927d3788722a3ca4a01d9709b7b82242d9539551e02c95c62ddc314043
Rabi_10_SzSz_100Pi copy/chimstepsPDDGnmr.f,legacy/reference/chimstepsPDDGnmr.f,c84aef0e015bed403aaed2e77ad2b3fda72f893f3d37aad6ab8a52e7c1e97c0e
Rabi_10_SzSz_100Pi copy/chinitPDDGnmr.f,legacy/reference/chinitPDDGnmr.f,e702fe4b09f4598d91267ee9e040d33b05bbb8096cf4efa22bdf6f418d97eb8a
Rabi_10_SzSz_100Pi copy/chlogparPDDG.f,legacy/variants/chlogparPDDG/05b4b1fb9525.f,05b4b1fb95255f402838a297747b9eb669308092ebef300915b4ecd81f2f7c21
Rabi_10_SzSz_100Pi copy/chnmr2d.mak,legacy/variants/chnmr2d/b4d9e60b4228.mak,b4d9e60b42284f8c152d467a9b41212b0f5b701a23e19a0accd99c9ed9f64718
Rabi_10_SzSz_100Pi copy/chparsfPDDG.f,legacy/reference/chparsfPDDG.f,76c241092c1095651ebcece83a5d8e10087e1c2bdb0f0f0e19ecda26ad3ac65e
Rabi_10_SzSz_100Pi copy/chparsgenPDDG.f,legacy/reference/chparsgenPDDG.f,0e751dec44549e1a803abefe3acc4a1540c508e5909bf3bc3f11fc40652922f6
Rabi_10_SzSz_100Pi copy/chsdpar.h,legacy/reference/chsdpar.h,a4c2f2070c254844aaddd1e0280625a05d4af404a56c0116bbedd5da44ae65e5
Rabi_10_SzSz_100Pi copy/chspecstepsPDDGnmr.f,legacy/reference/chspecstepsPDDGnmr.f,5cfba01f0659c4683a8ff9d1c4713cc6e3760bb1c5536ba83b5805edf3909fb2
Rabi_10_SzSz_100Pi copy/chstepsPDDGnmr.f,legacy/reference/chstepsPDDGnmr.f,836ad90b3fd7a1f5461d7a6f7dac758a96d8b6c3507309e65763ef618f48a01a
Rabi_10_SzSz_100Pi copy/gendipnmr2D.f,legacy/reference/gendipnmr2D.f,f1ff25beb2d7b9533a2eec0a06c21f4980d2dabd4c38a018a93ad9181956de18
Rabi_10_SzSz_100Pi copy/graphika.py,legacy/variants/graphika/048953efc842.py,048953efc842f9d9683a78305ab21e35a4c50d183f93a9881b377abd10803dac
Rabi_10_SzSz_100Pi copy/ribesl.f,legacy/reference/ribesl.f,81d91e5b2f6c1e36e6bfb7798e55d80947cd34ece070b56d747bbd9e75d38501
Rabi_10_SzSz_100Pi copy/rjbesl.f,legacy/reference/rjbesl.f,797d31688a631bd11a92c9409df59013804b03ca9145e42ba6b0c83e48b2451c
Rabi_10_SzSz_100Pi copy/tstComp.f,legacy/variants/tstComp/5a9df4b0b2a8.f,5a9df4b0b2a8f58abe6fa75fa470a2bfdef77879b4ef29d6050a9e247586d04d
Rabi_10_SzSz_100Pi/chebNMR2D-v6.f,legacy/variants/chebNMR2D-v6/5fa87fc1a234.f,5fa87fc1a2344694af24c114b4f9983e3f4159a9d0a9f9754dfa82c952b329c4
Rabi_10_SzSz_100Pi/chebsdPDDGnmr.f,legacy/variants/chebsdPDDGnmr/a9b0f5b879f3.f,a9b0f5b879f33cbfe06074e1b0b0fef20b3c08a747d520117a97093a07122eeb
Rabi_10_SzSz_100Pi/chebsdPDDGnmrabi.f,legacy/variants/chebsdPDDGnmrabi/0b70fd927d37.f,0b70fd927d3788722a3ca4a01d9709b7b82242d9539551e02c95c62ddc314043
Rabi_10_SzSz_100Pi/chimstepsPDDGnmr.f,legacy/reference/chimstepsPDDGnmr.f,c84aef0e015bed403aaed2e77ad2b3fda72f893f3d37aad6ab8a52e7c1e97c0e
Rabi_10_SzSz_100Pi/chinitPDDGnmr.f,legacy/reference/chinitPDDGnmr.f,e702fe4b09f4598d91267ee9e040d33b05bbb8096cf4efa22bdf6f418d97eb8a
Rabi_10_SzSz_100Pi/chlogparPDDG.f,legacy/variants/chlogparPDDG/05b4b1fb9525.f,05b4b1fb95255f402838a297747b9eb669308092ebef300915b4ecd81f2f7c21
Rabi_10_SzSz_100Pi/chnmr2d.mak,legacy/variants/chnmr2d/b4d9e60b4228.mak,b4d9e60b42284f8c152d467a9b41212b0f5b701a23e19a0accd99c9ed9f64718
Rabi_10_SzSz_100Pi/chparsfPDDG.f,legacy/reference/chparsfPDDG.f,76c241092c1095651ebcece83a5d8e10087e1c2bdb0f0f0e19ecda26ad3ac65e
Rabi_10_SzSz_100Pi/chparsgenPDDG.f,legacy/reference/chparsgenPDDG.f,0e751dec44549e1a803abefe3acc4a1540c508e5909bf3bc3f11fc40652922f6
Rabi_10_SzSz_100Pi/chsdpar.h,legacy/reference/chsdpar.h,a4c2f2070c254844aaddd1e0280625a05d4af404a56c0116bbedd5da44ae65e5
Rabi_10_SzSz_100Pi/chspecstepsPDDGnmr.f,legacy/reference/chspecstepsPDDGnmr.f,5cfba01f0659c4683a8ff9d1c4713cc6e3760bb1c5536ba83b5805edf3909fb2
Rabi_10_SzSz_100Pi/chstepsPDDGnmr.f,legacy/reference/chstepsPDDGnmr.f,836ad90b3fd7a1f5461d7a6f7dac758a96d8b6c3507309e65763ef618f48a01a
Rabi_10_SzSz_100Pi/gendipnmr2D.f,legacy/reference/gendipnmr2D.f,f1ff25beb2d7b9533a2eec0a06c21f4980d2dabd4c38a018a93ad9181956de18
Rabi_10_SzSz_100Pi/graphika.py,legacy/variants/graphika/048953efc842.py,048953efc842f9d9683a78305ab21e35a4c50d183f93a9881b377abd10803dac
Rabi_10_SzSz_100Pi/ribesl.f,legacy/reference/ribesl.f,81d91e5b2f6c1e36e6bfb7798e55d80947cd34ece070b56d747bbd9e75d38501
Rabi_10_SzSz_100Pi/rjbesl.f,legacy/reference/rjbesl.f,797d31688a631bd11a92c9409df59013804b03ca9145e42ba6b0c83e48b2451c
Rabi_10_SzSz_100Pi/tstComp.f,legacy/variants/tstComp/5a9df4b0b2a8.f,5a9df4b0b2a8f58abe6fa75fa470a2bfdef77879b4ef29d6050a9e247586d04d
Rabi_10_SzSz_4000/chebNMR2D-v6.f,legacy/variants/chebNMR2D-v6/5fa87fc1a234.f,5fa87fc1a2344694af24c114b4f9983e3f4159a9d0a9f9754dfa82c952b329c4
Rabi_10_SzSz_4000/chebsdPDDGnmr.f,legacy/variants/chebsdPDDGnmr/a9b0f5b879f3.f,a9b0f5b879f33cbfe06074e1b0b0fef20b3c08a747d520117a97093a07122eeb
Rabi_10_SzSz_4000/chebsdPDDGnmrabi.f,legacy/variants/chebsdPDDGnmrabi/0b70fd927d37.f,0b70fd927d3788722a3ca4a01d9709b7b82242d9539551e02c95c62ddc314043
Rabi_10_SzSz_4000/chimstepsPDDGnmr.f,legacy/reference/chimstepsPDDGnmr.f,c84aef0e015bed403aaed2e77ad2b3fda72f893f3d37aad6ab8a52e7c1e97c0e
Rabi_10_SzSz_4000/chinitPDDGnmr.f,legacy/reference/chinitPDDGnmr.f,e702fe4b09f4598d91267ee9e040d33b05bbb8096cf4efa22bdf6f418d97eb8a
Rabi_10_SzSz_4000/chlogparPDDG.f,legacy/variants/chlogparPDDG/05b4b1fb9525.f,05b4b1fb95255f402838a297747b9eb669308092ebef300915b4ecd81f2f7c21
Rabi_10_SzSz_4000/chnmr2d.mak,legacy/variants/chnmr2d/b4d9e60b4228.mak,b4d9e60b42284f8c152d467a9b41212b0f5b701a23e19a0accd99c9ed9f64718
Rabi_10_SzSz_4000/chparsfPDDG.f,legacy/reference/chparsfPDDG.f,76c241092c1095651ebcece83a5d8e10087e1c2bdb0f0f0e19ecda26ad3ac65e
Rabi_10_SzSz_4000/chparsgenPDDG.f,legacy/reference/chparsgenPDDG.f,0e751dec44549e1a803abefe3acc4a1540c508e5909bf3bc3f11fc40652922f6
Rabi_10_SzSz_4000/chsdpar.h,legacy/reference/chsdpar.h,a4c2f2070c254844aaddd1e0280625a05d4af404a56c0116bbedd5da44ae65e5
Rabi_10_SzSz_4000/chspecstepsPDDGnmr.f,legacy/reference/chspecstepsPDDGnmr.f,5cfba01f0659c4683a8ff9d1c4713cc6e3760bb1c5536ba83b5805edf3909fb2
Rabi_10_SzSz_4000/chstepsPDDGnmr.f,legacy/reference/chstepsPDDGnmr.f,836ad90b3fd7a1f5461d7a6f7dac758a96d8b6c3507309e65763ef618f48a01a
Rabi_10_SzSz_4000/gendipnmr2D.f,legacy/reference/gendipnmr2D.f,f1ff25beb2d7b9533a2eec0a06c21f4980d2dabd4c38a018a93ad9181956de18
Rabi_10_SzSz_4000/graphika.py,legacy/variants/graphika/a232b78e1cce.py,a232b78e1ccea399b96f7c00dff39fc7eefec87baa206739f6e5e94f1e0fa34b
Rabi_10_SzSz_4000/ribesl.f,legacy/reference/ribesl.f,81d91e5b2f6c1e36e6bfb7798e55d80947cd34ece070b56d747bbd9e75d38501
Rabi_10_SzSz_4000/rjbesl.f,legacy/reference/rjbesl.f,797d31688a631bd11a92c9409df59013804b03ca9145e42ba6b0c83e48b2451c
Rabi_10_SzSz_4000/tstComp.f,legacy/variants/tstComp/5a9df4b0b2a8.f,5a9df4b0b2a8f58abe6fa75fa470a2bfdef77879b4ef29d6050a9e247586d04d
Rabi_10_SzSz_Hy/chebNMR2D-v6.f,legacy/variants/chebNMR2D-v6/5fa87fc1a234.f,5fa87fc1a2344694af24c114b4f9983e3f4159a9d0a9f9754dfa82c952b329c4
Rabi_10_SzSz_Hy/chebsdPDDGnmr.f,legacy/variants/chebsdPDDGnmr/a9b0f5b879f3.f,a9b0f5b879f33cbfe06074e1b0b0fef20b3c08a747d520117a97093a07122eeb
Rabi_10_SzSz_Hy/chebsdPDDGnmrabi.f,legacy/variants/chebsdPDDGnmrabi/0b70fd927d37.f,0b70fd927d3788722a3ca4a01d9709b7b82242d9539551e02c95c62ddc314043
Rabi_10_SzSz_Hy/chimstepsPDDGnmr.f,legacy/reference/chimstepsPDDGnmr.f,c84aef0e015bed403aaed2e77ad2b3fda72f893f3d37aad6ab8a52e7c1e97c0e
Rabi_10_SzSz_Hy/chinitPDDGnmr.f,legacy/reference/chinitPDDGnmr.f,e702fe4b09f4598d91267ee9e040d33b05bbb8096cf4efa22bdf6f418d97eb8a
Rabi_10_SzSz_Hy/chlogparPDDG.f,legacy/variants/chlogparPDDG/05b4b1fb9525.f,05b4b1fb95255f402838a297747b9eb669308092ebef300915b4ecd81f2f7c21
Rabi_10_SzSz_Hy/chnmr2d.mak,legacy/variants/chnmr2d/b4d9e60b4228.mak,b4d9e60b42284f8c152d467a9b41212b0f5b701a23e19a0accd99c9ed9f64718
Rabi_10_SzSz_Hy/chparsfPDDG.f,legacy/reference/chparsfPDDG.f,76c241092c1095651ebcece83a5d8e10087e1c2bdb0f0f0e19ecda26ad3ac65e
Rabi_10_SzSz_Hy/chparsgenPDDG.f,legacy/reference/chparsgenPDDG.f,0e751dec44549e1a803abefe3acc4a1540c508e5909bf3bc3f11fc40652922f6
Rabi_10_SzSz_Hy/chsdpar.h,legacy/reference/chsdpar.h,a4c2f2070c254844aaddd1e0280625a05d4af404a56c0116bbedd5da44ae65e5
Rabi_10_SzSz_Hy/chspecstepsPDDGnmr.f,legacy/reference/chspecstepsPDDGnmr.f,5cfba01f0659c4683a8ff9d1c4713cc6e3760bb1c5536ba83b5805edf3909fb2
Rabi_10_SzSz_Hy/chstepsPDDGnmr.f,legacy/reference/chstepsPDDGnmr.f,836ad90b3fd7a1f5461d7a6f7dac758a96d8b6c3507309e65763ef618f48a01a
Rabi_10_SzSz_Hy/gendipnmr2D.f,legacy/reference/gendipnmr2D.f,f1ff25beb2d7b9533a2eec0a06c21f4980d2dabd4c38a018a93ad9181956de18
Rabi_10_SzSz_Hy/graphika.py,legacy/variants/graphika/a232b78e1cce.py,a232b78e1ccea399b96f7c00dff39fc7eefec87baa206739f6e5e94f1e0fa34b
Rabi_10_SzSz_Hy/ribesl.f,legacy/reference/ribesl.f,81d91e5b2f6c1e36e6bfb7798e55d80947cd34ece070b56d747bbd9e75d38501
Rabi_10_SzSz_Hy/rjbesl.f,legacy/reference/rjbesl.f,797d31688a631bd11a92c9409df59013804b03ca9145e42ba6b0c83e48b2451c
Rabi_10_SzSz_Hy/tstComp.f,legacy/variants/tstComp/5a9df4b0b2a8.f,5a9df4b0b2a8f58abe6fa75fa470a2bfdef77879b4ef29d6050a9e247586d04d
Rabi_10_SzSz_Hy_2/chebNMR2D-v6.f,legacy/variants/chebNMR2D-v6/5fa87fc1a234.f,5fa87fc1a2344694af24c114b4f9983e3f4159a9d0a9f9754dfa82c952b329c4
Rabi_10_SzSz_Hy_2/chebsdPDDGnmr.f,legacy/variants/chebsdPDDGnmr/a9b0f5b879f3.f,a9b0f5b879f33cbfe06074e1b0b0fef20b3c08a747d520117a97093a07122eeb
Rabi_10_SzSz_Hy_2/chebsdPDDGnmrabi.f,legacy/variants/chebsdPDDGnmrabi/0b70fd927d37.f,0b70fd927d3788722a3ca4a01d9709b7b82242d9539551e02c95c62ddc314043
Rabi_10_SzSz_Hy_2/chimstepsPDDGnmr.f,legacy/reference/chimstepsPDDGnmr.f,c84aef0e015bed403aaed2e77ad2b3fda72f893f3d37aad6ab8a52e7c1e97c0e
Rabi_10_SzSz_Hy_2/chinitPDDGnmr.f,legacy/reference/chinitPDDGnmr.f,e702fe4b09f4598d91267ee9e040d33b05bbb8096cf4efa22bdf6f418d97eb8a
Rabi_10_SzSz_Hy_2/chlogparPDDG.f,legacy/variants/chlogparPDDG/05b4b1fb9525.f,05b4b1fb95255f402838a297747b9eb669308092ebef300915b4ecd81f2f7c21
Rabi_10_SzSz_Hy_2/chnmr2d.mak,legacy/variants/chnmr2d/b4d9e60b4228.mak,b4d9e60b42284f8c152d467a9b41212b0f5b701a23e19a0accd99c9ed9f64718
Rabi_10_SzSz_Hy_2/chparsfPDDG.f,legacy/reference/chparsfPDDG.f,76c241092c1095651ebcece83a5d8e10087e1c2bdb0f0f0e19ecda26ad3ac65e
Rabi_10_SzSz_Hy_2/chparsgenPDDG.f,legacy/reference/chparsgenPDDG.f,0e751dec44549e1a803abefe3acc4a1540c508e5909bf3bc3f11fc40652922f6
Rabi_10_SzSz_Hy_2/chsdpar.h,legacy/reference/chsdpar.h,a4c2f2070c254844aaddd1e0280625a05d4af404a56c0116bbedd5da44ae65e5
Rabi_10_SzSz_Hy_2/chspecstepsPDDGnmr.f,legacy/reference/chspecstepsPDDGnmr.f,5cfba01f0659c4683a8ff9d1c4713cc6e3760bb1c5536ba83b5805edf3909fb2
Rabi_10_SzSz_Hy_2/chstepsPDDGnmr.f,legacy/reference/chstepsPDDGnmr.f,836ad90b3fd7a1f5461d7a6f7dac758a96d8b6c3507309e65763ef618f48a01a
Rabi_10_SzSz_Hy_2/gendipnmr2D.f,legacy/reference/gendipnmr2D.f,f1ff25beb2d7b9533a2eec0a06c21f4980d2dabd4c38a018a93ad9181956de18
Rabi_10_SzSz_Hy_2/graphika.py,legacy/variants/graphika/a232b78e1cce.py,a232b78e1ccea399b96f7c00dff39fc7eefec87baa206739f6e5e94f1e0fa34b
Rabi_10_SzSz_Hy_2/ribesl.f,legacy/reference/ribesl.f,81d91e5b2f6c1e36e6bfb7798e55d80947cd34ece070b56d747bbd9e75d38501
Rabi_10_SzSz_Hy_2/rjbesl.f,legacy/reference/rjbesl.f,797d31688a631bd11a92c9409df59013804b03ca9145e42ba6b0c83e48b2451c
Rabi_10_SzSz_Hy_2/tstComp.f,legacy/variants/tstComp/5a9df4b0b2a8.f,5a9df4b0b2a8f58abe6fa75fa470a2bfdef77879b4ef29d6050a9e247586d04d
Rabi_10_SzSz_J/chebNMR2D-v6.f,legacy/variants/chebNMR2D-v6/5fa87fc1a234.f,5fa87fc1a2344694af24c114b4f9983e3f4159a9d0a9f9754dfa82c952b329c4
Rabi_10_SzSz_J/chebsdPDDGnmr.f,legacy/variants/chebsdPDDGnmr/a9b0f5b879f3.f,a9b0f5b879f33cbfe06074e1b0b0fef20b3c08a747d520117a97093a07122eeb
Rabi_10_SzSz_J/chebsdPDDGnmrabi.f,legacy/variants/chebsdPDDGnmrabi/0b70fd927d37.f,0b70fd927d3788722a3ca4a01d9709b7b82242d9539551e02c95c62ddc314043
Rabi_10_SzSz_J/chimstepsPDDGnmr.f,legacy/reference/chimstepsPDDGnmr.f,c84aef0e015bed403aaed2e77ad2b3fda72f893f3d37aad6ab8a52e7c1e97c0e
Rabi_10_SzSz_J/chinitPDDGnmr.f,legacy/reference/chinitPDDGnmr.f,e702fe4b09f4598d91267ee9e040d33b05bbb8096cf4efa22bdf6f418d97eb8a
Rabi_10_SzSz_J/chlogparPDDG.f,legacy/variants/chlogparPDDG/05b4b1fb9525.f,05b4b1fb95255f402838a297747b9eb669308092ebef300915b4ecd81f2f7c21
Rabi_10_SzSz_J/chnmr2d.mak,legacy/variants/chnmr2d/b4d9e60b4228.mak,b4d9e60b42284f8c152d467a9b41212b0f5b701a23e19a0accd99c9ed9f64718
Rabi_10_SzSz_J/chparsfPDDG.f,legacy/reference/chparsfPDDG.f,76c241092c1095651ebcece83a5d8e10087e1c2bdb0f0f0e19ecda26ad3ac65e
Rabi_10_SzSz_J/chparsgenPDDG.f,legacy/reference/chparsgenPDDG.f,0e751dec44549e1a803abefe3acc4a1540c508e5909bf3bc3f11fc40652922f6
Rabi_10_SzSz_J/chsdpar.h,legacy/reference/chsdpar.h,a4c2f2070c254844aaddd1e0280625a05d4af404a56c0116bbedd5da44ae65e5
Rabi_10_SzSz_J/chspecstepsPDDGnmr.f,legacy/reference/chspecstepsPDDGnmr.f,5cfba01f0659c4683a8ff9d1c4713cc6e3760bb1c5536ba83b5805edf3909fb2
Rabi_10_SzSz_J/chstepsPDDGnmr.f,legacy/reference/chstepsPDDGnmr.f,836ad90b3fd7a1f5461d7a6f7dac758a96d8b6c3507309e65763ef618f48a01a
Rabi_10_SzSz_J/gendipnmr2D.f,legacy/reference/gendipnmr2D.f,f1ff25beb2d7b9533a2eec0a06c21f4980d2dabd4c38a018a93ad9181956de18
Rabi_10_SzSz_J/graphika.py,legacy/variants/graphika/22914a1ef60b.py,22914a1ef60bbe25c9d19cc07651fb50ed5b7ac9decb832386d209d0b0986fe8
Rabi_10_SzSz_J/ribesl.f,legacy/reference/ribesl.f,81d91e5b2f6c1e36e6bfb7798e55d80947cd34ece070b56d747bbd9e75d38501
Rabi_10_SzSz_J/rjbesl.f,legacy/reference/rjbesl.f,797d31688a631bd11a92c9409df59013804b03ca9145e42ba6b0c83e48b2451c
Rabi_10_SzSz_J/tstComp.f,legacy/variants/tstComp/5a9df4b0b2a8.f,5a9df4b0b2a8f58abe6fa75fa470a2bfdef77879b4ef29d6050a9e247586d04d
Rabi_10_SzSz_plus_B/chebNMR2D-v6.f,legacy/variants/chebNMR2D-v6/5fa87fc1a234.f,5fa87fc1a2344694af24c114b4f9983e3f4159a9d0a9f9754dfa82c952b329c4
Rabi_10_SzSz_plus_B/chebsdPDDGnmr.f,legacy/variants/chebsdPDDGnmr/a9b0f5b879f3.f,a9b0f5b879f33cbfe06074e1b0b0fef20b3c08a747d520117a97093a07122eeb
Rabi_10_SzSz_plus_B/chebsdPDDGnmrabi.f,legacy/variants/chebsdPDDGnmrabi/0b70fd927d37.f,0b70fd927d3788722a3ca4a01d9709b7b82242d9539551e02c95c62ddc314043
Rabi_10_SzSz_plus_B/chimstepsPDDGnmr.f,legacy/reference/chimstepsPDDGnmr.f,c84aef0e015bed403aaed2e77ad2b3fda72f893f3d37aad6ab8a52e7c1e97c0e
Rabi_10_SzSz_plus_B/chinitPDDGnmr.f,legacy/reference/chinitPDDGnmr.f,e702fe4b09f4598d91267ee9e040d33b05bbb8096cf4efa22bdf6f418d97eb8a
Rabi_10_SzSz_plus_B/chlogparPDDG.f,legacy/variants/chlogparPDDG/05b4b1fb9525.f,05b4b1fb95255f402838a297747b9eb669308092ebef300915b4ecd81f2f7c21
Rabi_10_SzSz_plus_B/chnmr2d.mak,legacy/variants/chnmr2d/b4d9e60b4228.mak,b4d9e60b42284f8c152d467a9b41212b0f5b701a23e19a0accd99c9ed9f64718
Rabi_10_SzSz_plus_B/chparsfPDDG.f,legacy/reference/chparsfPDDG.f,76c241092c1095651ebcece83a5d8e10087e1c2bdb0f0f0e19ecda26ad3ac65e
Rabi_10_SzSz_plus_B/chparsgenPDDG.f,legacy/reference/chparsgenPDDG.f,0e751dec44549e1a803abefe3acc4a1540c508e5909bf3bc3f11fc40652922f6
Rabi_10_SzSz_plus_B/chsdpar.h,legacy/reference/chsdpar.h,a4c2f2070c254844aaddd1e0280625a05d4af404a56c0116bbedd5da44ae65e5
Rabi_10_SzSz_plus_B/chspecstepsPDDGnmr.f,legacy/reference/chspecstepsPDDGnmr.f,5cfba01f0659c4683a8ff9d1c4713cc6e3760bb1c5536ba83b5805edf3909fb2
Rabi_10_SzSz_plus_B/chstepsPDDGnmr.f,legacy/reference/chstepsPDDGnmr.f,836ad90b3fd7a1f5461d7a6f7dac758a96d8b6c3507309e65763ef618f48a01a
Rabi_10_SzSz_plus_B/gendipnmr2D.f,legacy/reference/gendipnmr2D.f,f1ff25beb2d7b9533a2eec0a06c21f4980d2dabd4c38a018a93ad9181956de18
Rabi_10_SzSz_plus_B/graphika.py,legacy/variants/graphika/a232b78e1cce.py,a232b78e1ccea399b96f7c00dff39fc7eefec87baa206739f6e5e94f1e0fa34b
Rabi_10_SzSz_plus_B/ribesl.f,legacy/reference/ribesl.f,81d91e5b2f6c1e36e6bfb7798e55d80947cd34ece070b56d747bbd9e75d38501
Rabi_10_SzSz_plus_B/rjbesl.f,legacy/reference/rjbesl.f,797d31688a631bd11a92c9409df59013804b03ca9145e42ba6b0c83e48b2451c
Rabi_10_SzSz_plus_B/tstComp.f,legacy/variants/tstComp/5a9df4b0b2a8.f,5a9df4b0b2a8f58abe6fa75fa470a2bfdef77879b4ef29d6050a9e247586d04d
Rabi_10_SzSz_up/chebNMR2D-v6.f,legacy/variants/chebNMR2D-v6/5fa87fc1a234.f,5fa87fc1a2344694af24c114b4f9983e3f4159a9d0a9f9754dfa82c952b329c4
Rabi_10_SzSz_up/chebsdPDDGnmr.f,legacy/variants/chebsdPDDGnmr/a9b0f5b879f3.f,a9b0f5b879f33cbfe06074e1b0b0fef20b3c08a747d520117a97093a07122eeb
Rabi_10_SzSz_up/chebsdPDDGnmrabi.f,legacy/variants/chebsdPDDGnmrabi/0b70fd927d37.f,0b70fd927d3788722a3ca4a01d9709b7b82242d9539551e02c95c62ddc314043
Rabi_10_SzSz_up/chimstepsPDDGnmr.f,legacy/reference/chimstepsPDDGnmr.f,c84aef0e015bed403aaed2e77ad2b3fda72f893f3d37aad6ab8a52e7c1e97c0e
Rabi_10_SzSz_up/chinitPDDGnmr.f,legacy/reference/chinitPDDGnmr.f,e702fe4b09f4598d91267ee9e040d33b05bbb8096cf4efa22bdf6f418d97eb8a
Rabi_10_SzSz_up/chlogparPDDG.f,legacy/variants/chlogparPDDG/05b4b1fb9525.f,05b4b1fb95255f402838a297747b9eb669308092ebef300915b4ecd81f2f7c21
Rabi_10_SzSz_up/chnmr2d.mak,legacy/variants/chnmr2d/b4d9e60b4228.mak,b4d9e60b42284f8c152d467a9b41212b0f5b701a23e19a0accd99c9ed9f64718
Rabi_10_SzSz_up/chparsfPDDG.f,legacy/reference/chparsfPDDG.f,76c241092c1095651ebcece83a5d8e10087e1c2bdb0f0f0e19ecda26ad3ac65e
Rabi_10_SzSz_up/chparsgenPDDG.f,legacy/reference/chparsgenPDDG.f,0e751dec44549e1a803abefe3acc4a1540c508e5909bf3bc3f11fc40652922f6
Rabi_10_SzSz_up/chsdpar.h,legacy/reference/chsdpar.h,a4c2f2070c254844aaddd1e0280625a05d4af404a56c0116bbedd5da44ae65e5
Rabi_10_SzSz_up/chspecstepsPDDGnmr.f,legacy/reference/chspecstepsPDDGnmr.f,5cfba01f0659c4683a8ff9d1c4713cc6e3760bb1c5536ba83b5805edf3909fb2
Rabi_10_SzSz_up/chstepsPDDGnmr.f,legacy/reference/chstepsPDDGnmr.f,836ad90b3fd7a1f5461d7a6f7dac758a96d8b6c3507309e65763ef618f48a01a
Rabi_10_SzSz_up/gendipnmr2D.f,legacy/reference/gendipnmr2D.f,f1ff25beb2d7b9533a2eec0a06c21f4980d2dabd4c38a018a93ad9181956de18
Rabi_10_SzSz_up/graphika.py,legacy/variants/graphika/a232b78e1cce.py,a232b78e1ccea399b96f7c00dff39fc7eefec87baa206739f6e5e94f1e0fa34b
Rabi_10_SzSz_up/ribesl.f,legacy/reference/ribesl.f,81d91e5b2f6c1e36e6bfb7798e55d80947cd34ece070b56d747bbd9e75d38501
Rabi_10_SzSz_up/rjbesl.f,legacy/reference/rjbesl.f,797d31688a631bd11a92c9409df59013804b03ca9145e42ba6b0c83e48b2451c
Rabi_10_SzSz_up/tstComp.f,legacy/variants/tstComp/5a9df4b0b2a8.f,5a9df4b0b2a8f58abe6fa75fa470a2bfdef77879b4ef29d6050a9e247586d04d
Rabi_12_SzSz/chebNMR2D-v6.f,legacy/variants/chebNMR2D-v6/5fa87fc1a234.f,5fa87fc1a2344694af24c114b4f9983e3f4159a9d0a9f9754dfa82c952b329c4
Rabi_12_SzSz/chebsdPDDGnmr.f,legacy/variants/chebsdPDDGnmr/a9b0f5b879f3.f,a9b0f5b879f33cbfe06074e1b0b0fef20b3c08a747d520117a97093a07122eeb
Rabi_12_SzSz/chebsdPDDGnmrabi.f,legacy/variants/chebsdPDDGnmrabi/0b70fd927d37.f,0b70fd927d3788722a3ca4a01d9709b7b82242d9539551e02c95c62ddc314043
Rabi_12_SzSz/chimstepsPDDGnmr.f,legacy/reference/chimstepsPDDGnmr.f,c84aef0e015bed403aaed2e77ad2b3fda72f893f3d37aad6ab8a52e7c1e97c0e
Rabi_12_SzSz/chinitPDDGnmr.f,legacy/reference/chinitPDDGnmr.f,e702fe4b09f4598d91267ee9e040d33b05bbb8096cf4efa22bdf6f418d97eb8a
Rabi_12_SzSz/chlogparPDDG.f,legacy/variants/chlogparPDDG/05b4b1fb9525.f,05b4b1fb95255f402838a297747b9eb669308092ebef300915b4ecd81f2f7c21
Rabi_12_SzSz/chnmr2d.mak,legacy/variants/chnmr2d/b4d9e60b4228.mak,b4d9e60b42284f8c152d467a9b41212b0f5b701a23e19a0accd99c9ed9f64718
Rabi_12_SzSz/chparsfPDDG.f,legacy/reference/chparsfPDDG.f,76c241092c1095651ebcece83a5d8e10087e1c2bdb0f0f0e19ecda26ad3ac65e
Rabi_12_SzSz/chparsgenPDDG.f,legacy/reference/chparsgenPDDG.f,0e751dec44549e1a803abefe3acc4a1540c508e5909bf3bc3f11fc40652922f6
Rabi_12_SzSz/chsdpar.h,legacy/reference/chsdpar.h,a4c2f2070c254844aaddd1e0280625a05d4af404a56c0116bbedd5da44ae65e5
Rabi_12_SzSz/chspecstepsPDDGnmr.f,legacy/reference/chspecstepsPDDGnmr.f,5cfba01f0659c4683a8ff9d1c4713cc6e3760bb1c5536ba83b5805edf3909fb2
Rabi_12_SzSz/chstepsPDDGnmr.f,legacy/reference/chstepsPDDGnmr.f,836ad90b3fd7a1f5461d7a6f7dac758a96d8b6c3507309e65763ef618f48a01a
Rabi_12_SzSz/gendipnmr2D.f,legacy/reference/gendipnmr2D.f,f1ff25beb2d7b9533a2eec0a06c21f4980d2dabd4c38a018a93ad9181956de18
Rabi_12_SzSz/graphika.py,legacy/variants/graphika/d1bc6fcb8b60.py,d1bc6fcb8b60c1c2ab249eda03b8e6247af9ebed4f989e5e846e3bf080d0f5e5
Rabi_12_SzSz/ribesl.f,legacy/reference/ribesl.f,81d91e5b2f6c1e36e6bfb7798e55d80947cd34ece070b56d747bbd9e75d38501
Rabi_12_SzSz/rjbesl.f,legacy/reference/rjbesl.f,797d31688a631bd11a92c9409df59013804b03ca9145e42ba6b0c83e48b2451c
Rabi_12_SzSz/tstComp.f,legacy/variants/tstComp/5a9df4b0b2a8.f,5a9df4b0b2a8f58abe6fa75fa470a2bfdef77879b4ef29d6050a9e247586d04d
Rabi_13/chebNMR2D-v6.f,legacy/variants/chebNMR2D-v6/d8285592ec0d.f,d8285592ec0d4af25d387e792f8f6388e63b96054ed22ec5eba76471574eed19
Rabi_13/chebsdPDDGnmr.f,legacy/reference/chebsdPDDGnmr.f,3ff180409da74dc70409b00e3d978f31f62953d13df48057c9121638ba53b223
Rabi_13/chimstepsPDDGnmr.f,legacy/reference/chimstepsPDDGnmr.f,c84aef0e015bed403aaed2e77ad2b3fda72f893f3d37aad6ab8a52e7c1e97c0e
Rabi_13/chinitPDDGnmr.f,legacy/reference/chinitPDDGnmr.f,e702fe4b09f4598d91267ee9e040d33b05bbb8096cf4efa22bdf6f418d97eb8a
Rabi_13/chlogparPDDG.f,legacy/variants/chlogparPDDG/05b4b1fb9525.f,05b4b1fb95255f402838a297747b9eb669308092ebef300915b4ecd81f2f7c21
Rabi_13/chnmr2d.mak,legacy/variants/chnmr2d/b4d9e60b4228.mak,b4d9e60b42284f8c152d467a9b41212b0f5b701a23e19a0accd99c9ed9f64718
Rabi_13/chparsfPDDG.f,legacy/reference/chparsfPDDG.f,76c241092c1095651ebcece83a5d8e10087e1c2bdb0f0f0e19ecda26ad3ac65e
Rabi_13/chparsgenPDDG.f,legacy/reference/chparsgenPDDG.f,0e751dec44549e1a803abefe3acc4a1540c508e5909bf3bc3f11fc40652922f6
Rabi_13/chsdpar.h,legacy/reference/chsdpar.h,a4c2f2070c254844aaddd1e0280625a05d4af404a56c0116bbedd5da44ae65e5
Rabi_13/chspecstepsPDDGnmr.f,legacy/reference/chspecstepsPDDGnmr.f,5cfba01f0659c4683a8ff9d1c4713cc6e3760bb1c5536ba83b5805edf3909fb2
Rabi_13/chstepsPDDGnmr.f,legacy/reference/chstepsPDDGnmr.f,836ad90b3fd7a1f5461d7a6f7dac758a96d8b6c3507309e65763ef618f48a01a
Rabi_13/gendipnmr2D.f,legacy/reference/gendipnmr2D.f,f1ff25beb2d7b9533a2eec0a06c21f4980d2dabd4c38a018a93ad9181956de18
Rabi_13/graphika.py,legacy/variants/graphika/1cb3846b7076.py,1cb3846b7076eaf638b1cea80b236d7058501ab34fe1082de6f292ac28c01a1b
Rabi_13/ribesl.f,legacy/reference/ribesl.f,81d91e5b2f6c1e36e6bfb7798e55d80947cd34ece070b56d747bbd9e75d38501
Rabi_13/rjbesl.f,legacy/reference/rjbesl.f,797d31688a631bd11a92c9409df59013804b03ca9145e42ba6b0c83e48b2451c
Rabi_13/tstComp.f,legacy/variants/tstComp/5a9df4b0b2a8.f,5a9df4b0b2a8f58abe6fa75fa470a2bfdef77879b4ef29d6050a9e247586d04d
Rabi_13_SzSz_314/chebNMR2D-v6.f,legacy/variants/chebNMR2D-v6/5fa87fc1a234.f,5fa87fc1a2344694af24c114b4f9983e3f4159a9d0a9f9754dfa82c952b329c4
Rabi_13_SzSz_314/chebsdPDDGnmr.f,legacy/variants/chebsdPDDGnmr/a9b0f5b879f3.f,a9b0f5b879f33cbfe06074e1b0b0fef20b3c08a747d520117a97093a07122eeb
Rabi_13_SzSz_314/chebsdPDDGnmrabi.f,legacy/variants/chebsdPDDGnmrabi/0b70fd927d37.f,0b70fd927d3788722a3ca4a01d9709b7b82242d9539551e02c95c62ddc314043
Rabi_13_SzSz_314/chimstepsPDDGnmr.f,legacy/reference/chimstepsPDDGnmr.f,c84aef0e015bed403aaed2e77ad2b3fda72f893f3d37aad6ab8a52e7c1e97c0e
Rabi_13_SzSz_314/chinitPDDGnmr.f,legacy/reference/chinitPDDGnmr.f,e702fe4b09f4598d91267ee9e040d33b05bbb8096cf4efa22bdf6f418d97eb8a
Rabi_13_SzSz_314/chlogparPDDG.f,legacy/variants/chlogparPDDG/05b4b1fb9525.f,05b4b1fb95255f402838a297747b9eb669308092ebef300915b4ecd81f2f7c21
Rabi_13_SzSz_314/chnmr2d.mak,legacy/variants/chnmr2d/b4d9e60b4228.mak,b4d9e60b42284f8c152d467a9b41212b0f5b701a23e19a0accd99c9ed9f64718
Rabi_13_SzSz_314/chparsfPDDG.f,legacy/reference/chparsfPDDG.f,76c241092c1095651ebcece83a5d8e10087e1c2bdb0f0f0e19ecda26ad3ac65e
Rabi_13_SzSz_314/chparsgenPDDG.f,legacy/reference/chparsgenPDDG.f,0e751dec44549e1a803abefe3acc4a1540c508e5909bf3bc3f11fc40652922f6
Rabi_13_SzSz_314/chsdpar.h,legacy/reference/chsdpar.h,a4c2f2070c254844aaddd1e0280625a05d4af404a56c0116bbedd5da44ae65e5
Rabi_13_SzSz_314/chspecstepsPDDGnmr.f,legacy/reference/chspecstepsPDDGnmr.f,5cfba01f0659c4683a8ff9d1c4713cc6e3760bb1c5536ba83b5805edf3909fb2
Rabi_13_SzSz_314/chstepsPDDGnmr.f,legacy/reference/chstepsPDDGnmr.f,836ad90b3fd7a1f5461d7a6f7dac758a96d8b6c3507309e65763ef618f48a01a
Rabi_13_SzSz_314/gendipnmr2D.f,legacy/reference/gendipnmr2D.f,f1ff25beb2d7b9533a2eec0a06c21f4980d2dabd4c38a018a93ad9181956de18
Rabi_13_SzSz_314/graphika.py,legacy/variants/graphika/6950bc72d0b4.py,6950bc72d0b4aa1fb2059365f3f9d873f00f6a82fd0cf66d657285318562a24a
Rabi_13_SzSz_314/ribesl.f,legacy/reference/ribesl.f,81d91e5b2f6c1e36e6bfb7798e55d80947cd34ece070b56d747bbd9e75d38501
Rabi_13_SzSz_314/rjbesl.f,legacy/reference/rjbesl.f,797d31688a631bd11a92c9409df59013804b03ca9145e42ba6b0c83e48b2451c
Rabi_13_SzSz_314/tstComp.f,legacy/variants/tstComp/5a9df4b0b2a8.f,5a9df4b0b2a8f58abe6fa75fa470a2bfdef77879b4ef29d6050a9e247586d04d
Rabi_14/chebNMR2D-v6.f,legacy/variants/chebNMR2D-v6/d8285592ec0d.f,d8285592ec0d4af25d387e792f8f6388e63b96054ed22ec5eba76471574eed19
Rabi_14/chebsdPDDGnmr.f,legacy/reference/chebsdPDDGnmr.f,3ff180409da74dc70409b00e3d978f31f62953d13df48057c9121638ba53b223
Rabi_14/chimstepsPDDGnmr.f,legacy/reference/chimstepsPDDGnmr.f,c84aef0e015bed403aaed2e77ad2b3fda72f893f3d37aad6ab8a52e7c1e97c0e
Rabi_14/chinitPDDGnmr.f,legacy/reference/chinitPDDGnmr.f,e702fe4b09f4598d91267ee9e040d33b05bbb8096cf4efa22bdf6f418d97eb8a
Rabi_14/chlogparPDDG.f,legacy/variants/chlogparPDDG/05b4b1fb9525.f,05b4b1fb95255f402838a297747b9eb669308092ebef300915b4ecd81f2f7c21
Rabi_14/chnmr2d.mak,legacy/variants/chnmr2d/b4d9e60b4228.mak,b4d9e60b42284f8c152d467a9b41212b0f5b701a23e19a0accd99c9ed9f64718
Rabi_14/chparsfPDDG.f,legacy/reference/chparsfPDDG.f,76c241092c1095651ebcece83a5d8e10087e1c2bdb0f0f0e19ecda26ad3ac65e
Rabi_14/chparsgenPDDG.f,legacy/reference/chparsgenPDDG.f,0e751dec44549e1a803abefe3acc4a1540c508e5909bf3bc3f11fc40652922f6
Rabi_14/chsdpar.h,legacy/reference/chsdpar.h,a4c2f2070c254844aaddd1e0280625a05d4af404a56c0116bbedd5da44ae65e5
Rabi_14/chspecstepsPDDGnmr.f,legacy/reference/chspecstepsPDDGnmr.f,5cfba01f0659c4683a8ff9d1c4713cc6e3760bb1c5536ba83b5805edf3909fb2
Rabi_14/chstepsPDDGnmr.f,legacy/reference/chstepsPDDGnmr.f,836ad90b3fd7a1f5461d7a6f7dac758a96d8b6c3507309e65763ef618f48a01a
Rabi_14/gendipnmr2D.f,legacy/reference/gendipnmr2D.f,f1ff25beb2d7b9533a2eec0a06c21f4980d2dabd4c38a018a93ad9181956de18
Rabi_14/graphika.py,legacy/variants/graphika/1cb3846b7076.py,1cb3846b7076eaf638b1cea80b236d7058501ab34fe1082de6f292ac28c01a1b
Rabi_14/ribesl.f,legacy/reference/ribesl.f,81d91e5b2f6c1e36e6bfb7798e55d80947cd34ece070b56d747bbd9e75d38501
Rabi_14/rjbesl.f,legacy/reference/rjbesl.f,797d31688a631bd11a92c9409df59013804b03ca9145e42ba6b0c83e48b2451c
Rabi_14/tstComp.f,legacy/variants/tstComp/5a9df4b0b2a8.f,5a9df4b0b2a8f58abe6fa75fa470a2bfdef77879b4ef29d6050a9e247586d04d
Rabi_15/chebNMR2D-v6.f,legacy/variants/chebNMR2D-v6/d8285592ec0d.f,d8285592ec0d4af25d387e792f8f6388e63b96054ed22ec5eba76471574eed19
Rabi_15/chebsdPDDGnmr.f,legacy/reference/chebsdPDDGnmr.f,3ff180409da74dc70409b00e3d978f31f62953d13df48057c9121638ba53b223
Rabi_15/chimstepsPDDGnmr.f,legacy/reference/chimstepsPDDGnmr.f,c84aef0e015bed403aaed2e77ad2b3fda72f893f3d37aad6ab8a52e7c1e97c0e
Rabi_15/chinitPDDGnmr.f,legacy/reference/chinitPDDGnmr.f,e702fe4b09f4598d91267ee9e040d33b05bbb8096cf4efa22bdf6f418d97eb8a
Rabi_15/chlogparPDDG.f,legacy/variants/chlogparPDDG/05b4b1fb9525.f,05b4b1fb95255f402838a297747b9eb669308092ebef300915b4ecd81f2f7c21
Rabi_15/chnmr2d.mak,legacy/variants/chnmr2d/b4d9e60b4228.mak,b4d9e60b42284f8c152d467a9b41212b0f5b701a23e19a0accd99c9ed9f64718
Rabi_15/chparsfPDDG.f,legacy/reference/chparsfPDDG.f,76c241092c1095651ebcece83a5d8e10087e1c2bdb0f0f0e19ecda26ad3ac65e
Rabi_15/chparsgenPDDG.f,legacy/reference/chparsgenPDDG.f,0e751dec44549e1a803abefe3acc4a1540c508e5909bf3bc3f11fc40652922f6
Rabi_15/chsdpar.h,legacy/reference/chsdpar.h,a4c2f2070c254844aaddd1e0280625a05d4af404a56c0116bbedd5da44ae65e5
Rabi_15/chspecstepsPDDGnmr.f,legacy/reference/chspecstepsPDDGnmr.f,5cfba01f0659c4683a8ff9d1c4713cc6e3760bb1c5536ba83b5805edf3909fb2
Rabi_15/chstepsPDDGnmr.f,legacy/reference/chstepsPDDGnmr.f,836ad90b3fd7a1f5461d7a6f7dac758a96d8b6c3507309e65763ef618f48a01a
Rabi_15/gendipnmr2D.f,legacy/reference/gendipnmr2D.f,f1ff25beb2d7b9533a2eec0a06c21f4980d2dabd4c38a018a93ad9181956de18
Rabi_15/graphika.py,legacy/variants/graphika/a232b78e1cce.py,a232b78e1ccea399b96f7c00dff39fc7eefec87baa206739f6e5e94f1e0fa34b
Rabi_15/ribesl.f,legacy/reference/ribesl.f,81d91e5b2f6c1e36e6bfb7798e55d80947cd34ece070b56d747bbd9e75d38501
Rabi_15/rjbesl.f,legacy/reference/rjbesl.f,797d31688a631bd11a92c9409df59013804b03ca9145e42ba6b0c83e48b2451c
Rabi_15/tstComp.f,legacy/variants/tstComp/5a9df4b0b2a8.f,5a9df4b0b2a8f58abe6fa75fa470a2bfdef77879b4ef29d6050a9e247586d04d
Rabi_15_15/chebNMR2D-v6.f,legacy/variants/chebNMR2D-v6/d8285592ec0d.f,d8285592ec0d4af25d387e792f8f6388e63b96054ed22ec5eba76471574eed19
Rabi_15_15/chebsdPDDGnmr.f,legacy/reference/chebsdPDDGnmr.f,3ff180409da74dc70409b00e3d978f31f62953d13df48057c9121638ba53b223
Rabi_15_15/chimstepsPDDGnmr.f,legacy/reference/chimstepsPDDGnmr.f,c84aef0e015bed403aaed2e77ad2b3fda72f893f3d37aad6ab8a52e7c1e97c0e
Rabi_15_15/chinitPDDGnmr.f,legacy/reference/chinitPDDGnmr.f,e702fe4b09f4598d91267ee9e040d33b05bbb8096cf4efa22bdf6f418d97eb8a
Rabi_15_15/chlogparPDDG.f,legacy/variants/chlogparPDDG/05b4b1fb9525.f,05b4b1fb95255f402838a297747b9eb669308092ebef300915b4ecd81f2f7c21
Rabi_15_15/chnmr2d.mak,legacy/variants/chnmr2d/b4d9e60b4228.mak,b4d9e60b42284f8c152d467a9b41212b0f5b701a23e19a0accd99c9ed9f64718
Rabi_15_15/chparsfPDDG.f,legacy/reference/chparsfPDDG.f,76c241092c1095651ebcece83a5d8e10087e1c2bdb0f0f0e19ecda26ad3ac65e
Rabi_15_15/chparsgenPDDG.f,legacy/reference/chparsgenPDDG.f,0e751dec44549e1a803abefe3acc4a1540c508e5909bf3bc3f11fc40652922f6
Rabi_15_15/chsdpar.h,legacy/reference/chsdpar.h,a4c2f2070c254844aaddd1e0280625a05d4af404a56c0116bbedd5da44ae65e5
Rabi_15_15/chspecstepsPDDGnmr.f,legacy/reference/chspecstepsPDDGnmr.f,5cfba01f0659c4683a8ff9d1c4713cc6e3760bb1c5536ba83b5805edf3909fb2
Rabi_15_15/chstepsPDDGnmr.f,legacy/reference/chstepsPDDGnmr.f,836ad90b3fd7a1f5461d7a6f7dac758a96d8b6c3507309e65763ef618f48a01a
Rabi_15_15/gendipnmr2D.f,legacy/reference/gendipnmr2D.f,f1ff25beb2d7b9533a2eec0a06c21f4980d2dabd4c38a018a93ad9181956de18
Rabi_15_15/graphika.py,legacy/variants/graphika/a232b78e1cce.py,a232b78e1ccea399b96f7c00dff39fc7eefec87baa206739f6e5e94f1e0fa34b
Rabi_15_15/ribesl.f,legacy/reference/ribesl.f,81d91e5b2f6c1e36e6bfb7798e55d80947cd34ece070b56d747bbd9e75d38501
Rabi_15_15/rjbesl.f,legacy/reference/rjbesl.f,797d31688a631bd11a92c9409df59013804b03ca9145e42ba6b0c83e48b2451c
Rabi_15_15/tstComp.f,legacy/variants/tstComp/5a9df4b0b2a8.f,5a9df4b0b2a8f58abe6fa75fa470a2bfdef77879b4ef29d6050a9e247586d04d
Rabi_15_5/chebNMR2D-v6.f,legacy/variants/chebNMR2D-v6/d8285592ec0d.f,d8285592ec0d4af25d387e792f8f6388e63b96054ed22ec5eba76471574eed19
Rabi_15_5/chebsdPDDGnmr.f,legacy/reference/chebsdPDDGnmr.f,3ff180409da74dc70409b00e3d978f31f62953d13df48057c9121638ba53b223
Rabi_15_5/chimstepsPDDGnmr.f,legacy/reference/chimstepsPDDGnmr.f,c84aef0e015bed403aaed2e77ad2b3fda72f893f3d37aad6ab8a52e7c1e97c0e
Rabi_15_5/chinitPDDGnmr.f,legacy/reference/chinitPDDGnmr.f,e702fe4b09f4598d91267ee9e040d33b05bbb8096cf4efa22bdf6f418d97eb8a
Rabi_15_5/chlogparPDDG.f,legacy/variants/chlogparPDDG/05b4b1fb9525.f,05b4b1fb95255f402838a297747b9eb669308092ebef300915b4ecd81f2f7c21
Rabi_15_5/chnmr2d.mak,legacy/variants/chnmr2d/b4d9e60b4228.mak,b4d9e60b42284f8c152d467a9b41212b0f5b701a23e19a0accd99c9ed9f64718
Rabi_15_5/chparsfPDDG.f,legacy/reference/chparsfPDDG.f,76c241092c1095651ebcece83a5d8e10087e1c2bdb0f0f0e19ecda26ad3ac65e
Rabi_15_5/chparsgenPDDG.f,legacy/reference/chparsgenPDDG.f,0e751dec44549e1a803abefe3acc4a1540c508e5909bf3bc3f11fc40652922f6
Rabi_15_5/chsdpar.h,legacy/reference/chsdpar.h,a4c2f2070c254844aaddd1e0280625a05d4af404a56c0116bbedd5da44ae65e5
Rabi_15_5/chspecstepsPDDGnmr.f,legacy/reference/chspecstepsPDDGnmr.f,5cfba01f0659c4683a8ff9d1c4713cc6e3760bb1c5536ba83b5805edf3909fb2
Rabi_15_5/chstepsPDDGnmr.f,legacy/reference/chstepsPDDGnmr.f,836ad90b3fd7a1f5461d7a6f7dac758a96d8b6c3507309e65763ef618f48a01a
Rabi_15_5/gendipnmr2D.f,legacy/reference/gendipnmr2D.f,f1ff25beb2d7b9533a2eec0a06c21f4980d2dabd4c38a018a93ad9181956de18
Rabi_15_5/graphika.py,legacy/variants/graphika/a232b78e1cce.py,a232b78e1ccea399b96f7c00dff39fc7eefec87baa206739f6e5e94f1e0fa34b
Rabi_15_5/ribesl.f,legacy/reference/ribesl.f,81d91e5b2f6c1e36e6bfb7798e55d80947cd34ece070b56d747bbd9e75d38501
Rabi_15_5/rjbesl.f,legacy/reference/rjbesl.f,797d31688a631bd11a92c9409df59013804b03ca9145e42ba6b0c83e48b2451c
Rabi_15_5/tstComp.f,legacy/variants/tstComp/5a9df4b0b2a8.f,5a9df4b0b2a8f58abe6fa75fa470a2bfdef77879b4ef29d6050a9e247586d04d
Rabi_15_50_H1/chebNMR2D-v6.f,legacy/variants/chebNMR2D-v6/d8285592ec0d.f,d8285592ec0d4af25d387e792f8f6388e63b96054ed22ec5eba76471574eed19
Rabi_15_50_H1/chebsdPDDGnmr.f,legacy/reference/chebsdPDDGnmr.f,3ff180409da74dc70409b00e3d978f31f62953d13df48057c9121638ba53b223
Rabi_15_50_H1/chimstepsPDDGnmr.f,legacy/reference/chimstepsPDDGnmr.f,c84aef0e015bed403aaed2e77ad2b3fda72f893f3d37aad6ab8a52e7c1e97c0e
Rabi_15_50_H1/chinitPDDGnmr.f,legacy/reference/chinitPDDGnmr.f,e702fe4b09f4598d91267ee9e040d33b05bbb8096cf4efa22bdf6f418d97eb8a
Rabi_15_50_H1/chlogparPDDG.f,legacy/variants/chlogparPDDG/05b4b1fb9525.f,05b4b1fb95255f402838a297747b9eb669308092ebef300915b4ecd81f2f7c21
Rabi_15_50_H1/chnmr2d.mak,legacy/variants/chnmr2d/b4d9e60b4228.mak,b4d9e60b42284f8c152d467a9b41212b0f5b701a23e19a0accd99c9ed9f64718
Rabi_15_50_H1/chparsfPDDG.f,legacy/reference/chparsfPDDG.f,76c241092c1095651ebcece83a5d8e10087e1c2bdb0f0f0e19ecda26ad3ac65e
Rabi_15_50_H1/chparsgenPDDG.f,legacy/reference/chparsgenPDDG.f,0e751dec44549e1a803abefe3acc4a1540c508e5909bf3bc3f11fc40652922f6
Rabi_15_50_H1/chsdpar.h,legacy/reference/chsdpar.h,a4c2f2070c254844aaddd1e0280625a05d4af404a56c0116bbedd5da44ae65e5
Rabi_15_50_H1/chspecstepsPDDGnmr.f,legacy/reference/chspecstepsPDDGnmr.f,5cfba01f0659c4683a8ff9d1c4713cc6e3760bb1c5536ba83b5805edf3909fb2
Rabi_15_50_H1/chstepsPDDGnmr.f,legacy/reference/chstepsPDDGnmr.f,836ad90b3fd7a1f5461d7a6f7dac758a96d8b6c3507309e65763ef618f48a01a
Rabi_15_50_H1/gendipnmr2D.f,legacy/reference/gendipnmr2D.f,f1ff25beb2d7b9533a2eec0a06c21f4980d2dabd4c38a018a93ad9181956de18
Rabi_15_50_H1/graphika.py,legacy/variants/graphika/a232b78e1cce.py,a232b78e1ccea399b96f7c00dff39fc7eefec87baa206739f6e5e94f1e0fa34b
Rabi_15_50_H1/ribesl.f,legacy/reference/ribesl.f,81d91e5b2f6c1e36e6bfb7798e55d80947cd34ece070b56d747bbd9e75d38501
Rabi_15_50_H1/rjbesl.f,legacy/reference/rjbesl.f,797d31688a631bd11a92c9409df59013804b03ca9145e42ba6b0c83e48b2451c
Rabi_15_50_H1/tstComp.f,legacy/variants/tstComp/5a9df4b0b2a8.f,5a9df4b0b2a8f58abe6fa75fa470a2bfdef77879b4ef29d6050a9e247586d04d
Rabi_16/chebNMR2D-v6.f,legacy/variants/chebNMR2D-v6/d8285592ec0d.f,d8285592ec0d4af25d387e792f8f6388e63b96054ed22ec5eba76471574eed19
Rabi_16/chebsdPDDGnmr.f,legacy/reference/chebsdPDDGnmr.f,3ff180409da74dc70409b00e3d978f31f62953d13df48057c9121638ba53b223
Rabi_16/chimstepsPDDGnmr.f,legacy/reference/chimstepsPDDGnmr.f,c84aef0e015bed403aaed2e77ad2b3fda72f893f3d37aad6ab8a52e7c1e97c0e
Rabi_16/chinitPDDGnmr.f,legacy/reference/chinitPDDGnmr.f,e702fe4b09f4598d91267ee9e040d33b05bbb8096cf4efa22bdf6f418d97eb8a
Rabi_16/chlogparPDDG.f,legacy/variants/chlogparPDDG/05b4b1fb9525.f,05b4b1fb95255f402838a297747b9eb669308092ebef300915b4ecd81f2f7c21
Rabi_16/chnmr2d.mak,legacy/variants/chnmr2d/b4d9e60b4228.mak,b4d9e60b42284f8c152d467a9b41212b0f5b701a23e19a0accd99c9ed9f64718
Rabi_16/chparsfPDDG.f,legacy/reference/chparsfPDDG.f,76c241092c1095651ebcece83a5d8e10087e1c2bdb0f0f0e19ecda26ad3ac65e
Rabi_16/chparsgenPDDG.f,legacy/reference/chparsgenPDDG.f,0e751dec44549e1a803abefe3acc4a1540c508e5909bf3bc3f11fc40652922f6
Rabi_16/chsdpar.h,legacy/reference/chsdpar.h,a4c2f2070c254844aaddd1e0280625a05d4af404a56c0116bbedd5da44ae65e5
Rabi_16/chspecstepsPDDGnmr.f,legacy/reference/chspecstepsPDDGnmr.f,5cfba01f0659c4683a8ff9d1c4713cc6e3760bb1c5536ba83b5805edf3909fb2
Rabi_16/chstepsPDDGnmr.f,legacy/reference/chstepsPDDGnmr.f,836ad90b3fd7a1f5461d7a6f7dac758a96d8b6c3507309e65763ef618f48a01a
Rabi_16/gendipnmr2D.f,legacy/reference/gendipnmr2D.f,f1ff25beb2d7b9533a2eec0a06c21f4980d2dabd4c38a018a93ad9181956de18
Rabi_16/graphika.py,legacy/variants/graphika/a232b78e1cce.py,a232b78e1ccea399b96f7c00dff39fc7eefec87baa206739f6e5e94f1e0fa34b
Rabi_16/ribesl.f,legacy/reference/ribesl.f,81d91e5b2f6c1e36e6bfb7798e55d80947cd34ece070b56d747bbd9e75d38501
Rabi_16/rjbesl.f,legacy/reference/rjbesl.f,797d31688a631bd11a92c9409df59013804b03ca9145e42ba6b0c83e48b2451c
Rabi_16/tstComp.f,legacy/variants/tstComp/5a9df4b0b2a8.f,5a9df4b0b2a8f58abe6fa75fa470a2bfdef77879b4ef29d6050a9e247586d04d
Rabi_16_SzSz/chebNMR2D-v6.f,legacy/variants/chebNMR2D-v6/5fa87fc1a234.f,5fa87fc1a2344694af24c114b4f9983e3f4159a9d0a9f9754dfa82c952b329c4
Rabi_16_SzSz/chebsdPDDGnmr.f,legacy/variants/chebsdPDDGnmr/a9b0f5b879f3.f,a9b0f5b879f33cbfe06074e1b0b0fef20b3c08a747d520117a97093a07122eeb
Rabi_16_SzSz/chebsdPDDGnmrabi.f,legacy/variants/chebsdPDDGnmrabi/0b70fd927d37.f,0b70fd927d3788722a3ca4a01d9709b7b82242d9539551e02c95c62ddc314043
Rabi_16_SzSz/chimstepsPDDGnmr.f,legacy/reference/chimstepsPDDGnmr.f,c84aef0e015bed403aaed2e77ad2b3fda72f893f3d37aad6ab8a52e7c1e97c0e
Rabi_16_SzSz/chinitPDDGnmr.f,legacy/reference/chinitPDDGnmr.f,e702fe4b09f4598d91267ee9e040d33b05bbb8096cf4efa22bdf6f418d97eb8a
Rabi_16_SzSz/chlogparPDDG.f,legacy/variants/chlogparPDDG/05b4b1fb9525.f,05b4b1fb95255f402838a297747b9eb669308092ebef300915b4ecd81f2f7c21
Rabi_16_SzSz/chnmr2d.mak,legacy/variants/chnmr2d/b4d9e60b4228.mak,b4d9e60b42284f8c152d467a9b41212b0f5b701a23e19a0accd99c9ed9f64718
Rabi_16_SzSz/chparsfPDDG.f,legacy/reference/chparsfPDDG.f,76c241092c1095651ebcece83a5d8e10087e1c2bdb0f0f0e19ecda26ad3ac65e
Rabi_16_SzSz/chparsgenPDDG.f,legacy/reference/chparsgenPDDG.f,0e751dec44549e1a803abefe3acc4a1540c508e5909bf3bc3f11fc40652922f6
Rabi_16_SzSz/chsdpar.h,legacy/reference/chsdpar.h,a4c2f2070c254844aaddd1e0280625a05d4af404a56c0116bbedd5da44ae65e5
Rabi_16_SzSz/chspecstepsPDDGnmr.f,legacy/reference/chspecstepsPDDGnmr.f,5cfba01f0659c4683a8ff9d1c4713cc6e3760bb1c5536ba83b5805edf3909fb2
Rabi_16_SzSz/chstepsPDDGnmr.f,legacy/reference/chstepsPDDGnmr.f,836ad90b3fd7a1f5461d7a6f7dac758a96d8b6c3507309e65763ef618f48a01a
Rabi_16_SzSz/gendipnmr2D.f,legacy/reference/gendipnmr2D.f,f1ff25beb2d7b9533a2eec0a06c21f4980d2dabd4c38a018a93ad9181956de18
Rabi_16_SzSz/graphika.py,legacy/variants/graphika/f9e5a7902fcd.py,f9e5a7902fcd2fed106ee0d2a06973f5f652f14ed043f397d9037882a2e68f0d
Rabi_16_SzSz/ribesl.f,legacy/reference/ribesl.f,81d91e5b2f6c1e36e6bfb7798e55d80947cd34ece070b56d747bbd9e75d38501
Rabi_16_SzSz/rjbesl.f,legacy/reference/rjbesl.f,797d31688a631bd11a92c9409df59013804b03ca9145e42ba6b0c83e48b2451c
Rabi_16_SzSz/tstComp.f,legacy/variants/tstComp/5a9df4b0b2a8.f,5a9df4b0b2a8f58abe6fa75fa470a2bfdef77879b4ef29d6050a9e247586d04d
Rabi_16_SzSz/±,legacy/variants/plus-minus/92ceb10460b2.f,92ceb10460b2567093b1089326b394c3bbf9fc24d365519ec1b074db481a207f
Rabi_16_SzSz_2/chebNMR2D-v6.f,legacy/variants/chebNMR2D-v6/5fa87fc1a234.f,5fa87fc1a2344694af24c114b4f9983e3f4159a9d0a9f9754dfa82c952b329c4
Rabi_16_SzSz_2/chebsdPDDGnmr.f,legacy/variants/chebsdPDDGnmr/a9b0f5b879f3.f,a9b0f5b879f33cbfe06074e1b0b0fef20b3c08a747d520117a97093a07122eeb
Rabi_16_SzSz_2/chebsdPDDGnmrabi.f,legacy/variants/chebsdPDDGnmrabi/0b70fd927d37.f,0b70fd927d3788722a3ca4a01d9709b7b82242d9539551e02c95c62ddc314043
Rabi_16_SzSz_2/chimstepsPDDGnmr.f,legacy/reference/chimstepsPDDGnmr.f,c84aef0e015bed403aaed2e77ad2b3fda72f893f3d37aad6ab8a52e7c1e97c0e
Rabi_16_SzSz_2/chinitPDDGnmr.f,legacy/reference/chinitPDDGnmr.f,e702fe4b09f4598d91267ee9e040d33b05bbb8096cf4efa22bdf6f418d97eb8a
Rabi_16_SzSz_2/chlogparPDDG.f,legacy/variants/chlogparPDDG/05b4b1fb9525.f,05b4b1fb95255f402838a297747b9eb669308092ebef300915b4ecd81f2f7c21
Rabi_16_SzSz_2/chnmr2d.mak,legacy/variants/chnmr2d/b4d9e60b4228.mak,b4d9e60b42284f8c152d467a9b41212b0f5b701a23e19a0accd99c9ed9f64718
Rabi_16_SzSz_2/chparsfPDDG.f,legacy/reference/chparsfPDDG.f,76c241092c1095651ebcece83a5d8e10087e1c2bdb0f0f0e19ecda26ad3ac65e
Rabi_16_SzSz_2/chparsgenPDDG.f,legacy/reference/chparsgenPDDG.f,0e751dec44549e1a803abefe3acc4a1540c508e5909bf3bc3f11fc40652922f6
Rabi_16_SzSz_2/chsdpar.h,legacy/reference/chsdpar.h,a4c2f2070c254844aaddd1e0280625a05d4af404a56c0116bbedd5da44ae65e5
Rabi_16_SzSz_2/chspecstepsPDDGnmr.f,legacy/reference/chspecstepsPDDGnmr.f,5cfba01f0659c4683a8ff9d1c4713cc6e3760bb1c5536ba83b5805edf3909fb2
Rabi_16_SzSz_2/chstepsPDDGnmr.f,legacy/reference/chstepsPDDGnmr.f,836ad90b3fd7a1f5461d7a6f7dac758a96d8b6c3507309e65763ef618f48a01a
Rabi_16_SzSz_2/gendipnmr2D.f,legacy/reference/gendipnmr2D.f,f1ff25beb2d7b9533a2eec0a06c21f4980d2dabd4c38a018a93ad9181956de18
Rabi_16_SzSz_2/graphika.py,legacy/variants/graphika/a232b78e1cce.py,a232b78e1ccea399b96f7c00dff39fc7eefec87baa206739f6e5e94f1e0fa34b
Rabi_16_SzSz_2/ribesl.f,legacy/reference/ribesl.f,81d91e5b2f6c1e36e6bfb7798e55d80947cd34ece070b56d747bbd9e75d38501
Rabi_16_SzSz_2/rjbesl.f,legacy/reference/rjbesl.f,797d31688a631bd11a92c9409df59013804b03ca9145e42ba6b0c83e48b2451c
Rabi_16_SzSz_2/tstComp.f,legacy/variants/tstComp/5a9df4b0b2a8.f,5a9df4b0b2a8f58abe6fa75fa470a2bfdef77879b4ef29d6050a9e247586d04d
Rabi_16_SzSz_2/±,legacy/variants/plus-minus/92ceb10460b2.f,92ceb10460b2567093b1089326b394c3bbf9fc24d365519ec1b074db481a207f
Rabi_16_SzSz_628/chebNMR2D-v6.f,legacy/variants/chebNMR2D-v6/5fa87fc1a234.f,5fa87fc1a2344694af24c114b4f9983e3f4159a9d0a9f9754dfa82c952b329c4
Rabi_16_SzSz_628/chebsdPDDGnmr.f,legacy/variants/chebsdPDDGnmr/a9b0f5b879f3.f,a9b0f5b879f33cbfe06074e1b0b0fef20b3c08a747d520117a97093a07122eeb
Rabi_16_SzSz_628/chebsdPDDGnmrabi.f,legacy/variants/chebsdPDDGnmrabi/0b70fd927d37.f,0b70fd927d3788722a3ca4a01d9709b7b82242d9539551e02c95c62ddc314043
Rabi_16_SzSz_628/chimstepsPDDGnmr.f,legacy/reference/chimstepsPDDGnmr.f,c84aef0e015bed403aaed2e77ad2b3fda72f893f3d37aad6ab8a52e7c1e97c0e
Rabi_16_SzSz_628/chinitPDDGnmr.f,legacy/reference/chinitPDDGnmr.f,e702fe4b09f4598d91267ee9e040d33b05bbb8096cf4efa22bdf6f418d97eb8a
Rabi_16_SzSz_628/chlogparPDDG.f,legacy/variants/chlogparPDDG/05b4b1fb9525.f,05b4b1fb95255f402838a297747b9eb669308092ebef300915b4ecd81f2f7c21
Rabi_16_SzSz_628/chnmr2d.mak,legacy/variants/chnmr2d/b4d9e60b4228.mak,b4d9e60b42284f8c152d467a9b41212b0f5b701a23e19a0accd99c9ed9f64718
Rabi_16_SzSz_628/chparsfPDDG.f,legacy/reference/chparsfPDDG.f,76c241092c1095651ebcece83a5d8e10087e1c2bdb0f0f0e19ecda26ad3ac65e
Rabi_16_SzSz_628/chparsgenPDDG.f,legacy/reference/chparsgenPDDG.f,0e751dec44549e1a803abefe3acc4a1540c508e5909bf3bc3f11fc40652922f6
Rabi_16_SzSz_628/chsdpar.h,legacy/reference/chsdpar.h,a4c2f2070c254844aaddd1e0280625a05d4af404a56c0116bbedd5da44ae65e5
Rabi_16_SzSz_628/chspecstepsPDDGnmr.f,legacy/reference/chspecstepsPDDGnmr.f,5cfba01f0659c4683a8ff9d1c4713cc6e3760bb1c5536ba83b5805edf3909fb2
Rabi_16_SzSz_628/chstepsPDDGnmr.f,legacy/reference/chstepsPDDGnmr.f,836ad90b3fd7a1f5461d7a6f7dac758a96d8b6c3507309e65763ef618f48a01a
Rabi_16_SzSz_628/gendipnmr2D.f,legacy/reference/gendipnmr2D.f,f1ff25beb2d7b9533a2eec0a06c21f4980d2dabd4c38a018a93ad9181956de18
Rabi_16_SzSz_628/graphika.py,legacy/variants/graphika/a232b78e1cce.py,a232b78e1ccea399b96f7c00dff39fc7eefec87baa206739f6e5e94f1e0fa34b
Rabi_16_SzSz_628/ribesl.f,legacy/reference/ribesl.f,81d91e5b2f6c1e36e6bfb7798e55d80947cd34ece070b56d747bbd9e75d38501
Rabi_16_SzSz_628/rjbesl.f,legacy/reference/rjbesl.f,797d31688a631bd11a92c9409df59013804b03ca9145e42ba6b0c83e48b2451c
Rabi_16_SzSz_628/tstComp.f,legacy/variants/tstComp/5a9df4b0b2a8.f,5a9df4b0b2a8f58abe6fa75fa470a2bfdef77879b4ef29d6050a9e247586d04d
Rabi_17/chebNMR2D-v6.f,legacy/variants/chebNMR2D-v6/d8285592ec0d.f,d8285592ec0d4af25d387e792f8f6388e63b96054ed22ec5eba76471574eed19
Rabi_17/chebsdPDDGnmr.f,legacy/reference/chebsdPDDGnmr.f,3ff180409da74dc70409b00e3d978f31f62953d13df48057c9121638ba53b223
Rabi_17/chimstepsPDDGnmr.f,legacy/reference/chimstepsPDDGnmr.f,c84aef0e015bed403aaed2e77ad2b3fda72f893f3d37aad6ab8a52e7c1e97c0e
Rabi_17/chinitPDDGnmr.f,legacy/reference/chinitPDDGnmr.f,e702fe4b09f4598d91267ee9e040d33b05bbb8096cf4efa22bdf6f418d97eb8a
Rabi_17/chlogparPDDG.f,legacy/variants/chlogparPDDG/05b4b1fb9525.f,05b4b1fb95255f402838a297747b9eb669308092ebef300915b4ecd81f2f7c21
Rabi_17/chnmr2d.mak,legacy/variants/chnmr2d/b4d9e60b4228.mak,b4d9e60b42284f8c152d467a9b41212b0f5b701a23e19a0accd99c9ed9f64718
Rabi_17/chparsfPDDG.f,legacy/reference/chparsfPDDG.f,76c241092c1095651ebcece83a5d8e10087e1c2bdb0f0f0e19ecda26ad3ac65e
Rabi_17/chparsgenPDDG.f,legacy/reference/chparsgenPDDG.f,0e751dec44549e1a803abefe3acc4a1540c508e5909bf3bc3f11fc40652922f6
Rabi_17/chsdpar.h,legacy/reference/chsdpar.h,a4c2f2070c254844aaddd1e0280625a05d4af404a56c0116bbedd5da44ae65e5
Rabi_17/chspecstepsPDDGnmr.f,legacy/reference/chspecstepsPDDGnmr.f,5cfba01f0659c4683a8ff9d1c4713cc6e3760bb1c5536ba83b5805edf3909fb2
Rabi_17/chstepsPDDGnmr.f,legacy/reference/chstepsPDDGnmr.f,836ad90b3fd7a1f5461d7a6f7dac758a96d8b6c3507309e65763ef618f48a01a
Rabi_17/gendipnmr2D.f,legacy/reference/gendipnmr2D.f,f1ff25beb2d7b9533a2eec0a06c21f4980d2dabd4c38a018a93ad9181956de18
Rabi_17/graphika.py,legacy/variants/graphika/a232b78e1cce.py,a232b78e1ccea399b96f7c00dff39fc7eefec87baa206739f6e5e94f1e0fa34b
Rabi_17/ribesl.f,legacy/reference/ribesl.f,81d91e5b2f6c1e36e6bfb7798e55d80947cd34ece070b56d747bbd9e75d38501
Rabi_17/rjbesl.f,legacy/reference/rjbesl.f,797d31688a631bd11a92c9409df59013804b03ca9145e42ba6b0c83e48b2451c
Rabi_17/tstComp.f,legacy/variants/tstComp/5a9df4b0b2a8.f,5a9df4b0b2a8f58abe6fa75fa470a2bfdef77879b4ef29d6050a9e247586d04d
Rabi_18_100/chebNMR2D-v6.f,legacy/variants/chebNMR2D-v6/d8285592ec0d.f,d8285592ec0d4af25d387e792f8f6388e63b96054ed22ec5eba76471574eed19
Rabi_18_100/chebsdPDDGnmr.f,legacy/reference/chebsdPDDGnmr.f,3ff180409da74dc70409b00e3d978f31f62953d13df48057c9121638ba53b223
Rabi_18_100/chimstepsPDDGnmr.f,legacy/reference/chimstepsPDDGnmr.f,c84aef0e015bed403aaed2e77ad2b3fda72f893f3d37aad6ab8a52e7c1e97c0e
Rabi_18_100/chinitPDDGnmr.f,legacy/reference/chinitPDDGnmr.f,e702fe4b09f4598d91267ee9e040d33b05bbb8096cf4efa22bdf6f418d97eb8a
Rabi_18_100/chlogparPDDG.f,legacy/variants/chlogparPDDG/05b4b1fb9525.f,05b4b1fb95255f402838a297747b9eb669308092ebef300915b4ecd81f2f7c21
Rabi_18_100/chnmr2d.mak,legacy/variants/chnmr2d/b4d9e60b4228.mak,b4d9e60b42284f8c152d467a9b41212b0f5b701a23e19a0accd99c9ed9f64718
Rabi_18_100/chparsfPDDG.f,legacy/reference/chparsfPDDG.f,76c241092c1095651ebcece83a5d8e10087e1c2bdb0f0f0e19ecda26ad3ac65e
Rabi_18_100/chparsgenPDDG.f,legacy/reference/chparsgenPDDG.f,0e751dec44549e1a803abefe3acc4a1540c508e5909bf3bc3f11fc40652922f6
Rabi_18_100/chsdpar.h,legacy/reference/chsdpar.h,a4c2f2070c254844aaddd1e0280625a05d4af404a56c0116bbedd5da44ae65e5
Rabi_18_100/chspecstepsPDDGnmr.f,legacy/reference/chspecstepsPDDGnmr.f,5cfba01f0659c4683a8ff9d1c4713cc6e3760bb1c5536ba83b5805edf3909fb2
Rabi_18_100/chstepsPDDGnmr.f,legacy/reference/chstepsPDDGnmr.f,836ad90b3fd7a1f5461d7a6f7dac758a96d8b6c3507309e65763ef618f48a01a
Rabi_18_100/gendipnmr2D.f,legacy/reference/gendipnmr2D.f,f1ff25beb2d7b9533a2eec0a06c21f4980d2dabd4c38a018a93ad9181956de18
Rabi_18_100/graphika.py,legacy/variants/graphika/a232b78e1cce.py,a232b78e1ccea399b96f7c00dff39fc7eefec87baa206739f6e5e94f1e0fa34b
Rabi_18_100/ribesl.f,legacy/reference/ribesl.f,81d91e5b2f6c1e36e6bfb7798e55d80947cd34ece070b56d747bbd9e75d38501
Rabi_18_100/rjbesl.f,legacy/reference/rjbesl.f,797d31688a631bd11a92c9409df59013804b03ca9145e42ba6b0c83e48b2451c
Rabi_18_100/tstComp.f,legacy/variants/tstComp/5a9df4b0b2a8.f,5a9df4b0b2a8f58abe6fa75fa470a2bfdef77879b4ef29d6050a9e247586d04d
Rabi_18_500/chebNMR2D-v6.f,legacy/variants/chebNMR2D-v6/d8285592ec0d.f,d8285592ec0d4af25d387e792f8f6388e63b96054ed22ec5eba76471574eed19
Rabi_18_500/chebsdPDDGnmr.f,legacy/reference/chebsdPDDGnmr.f,3ff180409da74dc70409b00e3d978f31f62953d13df48057c9121638ba53b223
Rabi_18_500/chimstepsPDDGnmr.f,legacy/reference/chimstepsPDDGnmr.f,c84aef0e015bed403aaed2e77ad2b3fda72f893f3d37aad6ab8a52e7c1e97c0e
Rabi_18_500/chinitPDDGnmr.f,legacy/reference/chinitPDDGnmr.f,e702fe4b09f4598d91267ee9e040d33b05bbb8096cf4efa22bdf6f418d97eb8a
Rabi_18_500/chlogparPDDG.f,legacy/variants/chlogparPDDG/05b4b1fb9525.f,05b4b1fb95255f402838a297747b9eb669308092ebef300915b4ecd81f2f7c21
Rabi_18_500/chnmr2d.mak,legacy/variants/chnmr2d/b4d9e60b4228.mak,b4d9e60b42284f8c152d467a9b41212b0f5b701a23e19a0accd99c9ed9f64718
Rabi_18_500/chparsfPDDG.f,legacy/reference/chparsfPDDG.f,76c241092c1095651ebcece83a5d8e10087e1c2bdb0f0f0e19ecda26ad3ac65e
Rabi_18_500/chparsgenPDDG.f,legacy/reference/chparsgenPDDG.f,0e751dec44549e1a803abefe3acc4a1540c508e5909bf3bc3f11fc40652922f6
Rabi_18_500/chsdpar.h,legacy/reference/chsdpar.h,a4c2f2070c254844aaddd1e0280625a05d4af404a56c0116bbedd5da44ae65e5
Rabi_18_500/chspecstepsPDDGnmr.f,legacy/reference/chspecstepsPDDGnmr.f,5cfba01f0659c4683a8ff9d1c4713cc6e3760bb1c5536ba83b5805edf3909fb2
Rabi_18_500/chstepsPDDGnmr.f,legacy/reference/chstepsPDDGnmr.f,836ad90b3fd7a1f5461d7a6f7dac758a96d8b6c3507309e65763ef618f48a01a
Rabi_18_500/gendipnmr2D.f,legacy/reference/gendipnmr2D.f,f1ff25beb2d7b9533a2eec0a06c21f4980d2dabd4c38a018a93ad9181956de18
Rabi_18_500/graphika.py,legacy/variants/graphika/a232b78e1cce.py,a232b78e1ccea399b96f7c00dff39fc7eefec87baa206739f6e5e94f1e0fa34b
Rabi_18_500/ribesl.f,legacy/reference/ribesl.f,81d91e5b2f6c1e36e6bfb7798e55d80947cd34ece070b56d747bbd9e75d38501
Rabi_18_500/rjbesl.f,legacy/reference/rjbesl.f,797d31688a631bd11a92c9409df59013804b03ca9145e42ba6b0c83e48b2451c
Rabi_18_500/tstComp.f,legacy/variants/tstComp/5a9df4b0b2a8.f,5a9df4b0b2a8f58abe6fa75fa470a2bfdef77879b4ef29d6050a9e247586d04d
Rabi_20_500/chebNMR2D-v6.f,legacy/variants/chebNMR2D-v6/d8285592ec0d.f,d8285592ec0d4af25d387e792f8f6388e63b96054ed22ec5eba76471574eed19
Rabi_20_500/chebsdPDDGnmr.f,legacy/reference/chebsdPDDGnmr.f,3ff180409da74dc70409b00e3d978f31f62953d13df48057c9121638ba53b223
Rabi_20_500/chimstepsPDDGnmr.f,legacy/reference/chimstepsPDDGnmr.f,c84aef0e015bed403aaed2e77ad2b3fda72f893f3d37aad6ab8a52e7c1e97c0e
Rabi_20_500/chinitPDDGnmr.f,legacy/reference/chinitPDDGnmr.f,e702fe4b09f4598d91267ee9e040d33b05bbb8096cf4efa22bdf6f418d97eb8a
Rabi_20_500/chlogparPDDG.f,legacy/variants/chlogparPDDG/05b4b1fb9525.f,05b4b1fb95255f402838a297747b9eb669308092ebef300915b4ecd81f2f7c21
Rabi_20_500/chnmr2d.mak,legacy/variants/chnmr2d/b4d9e60b4228.mak,b4d9e60b42284f8c152d467a9b41212b0f5b701a23e19a0accd99c9ed9f64718
Rabi_20_500/chparsfPDDG.f,legacy/reference/chparsfPDDG.f,76c241092c1095651ebcece83a5d8e10087e1c2bdb0f0f0e19ecda26ad3ac65e
Rabi_20_500/chparsgenPDDG.f,legacy/reference/chparsgenPDDG.f,0e751dec44549e1a803abefe3acc4a1540c508e5909bf3bc3f11fc40652922f6
Rabi_20_500/chsdpar.h,legacy/reference/chsdpar.h,a4c2f2070c254844aaddd1e0280625a05d4af404a56c0116bbedd5da44ae65e5
Rabi_20_500/chspecstepsPDDGnmr.f,legacy/reference/chspecstepsPDDGnmr.f,5cfba01f0659c4683a8ff9d1c4713cc6e3760bb1c5536ba83b5805edf3909fb2
Rabi_20_500/chstepsPDDGnmr.f,legacy/reference/chstepsPDDGnmr.f,836ad90b3fd7a1f5461d7a6f7dac758a96d8b6c3507309e65763ef618f48a01a
Rabi_20_500/gendipnmr2D.f,legacy/reference/gendipnmr2D.f,f1ff25beb2d7b9533a2eec0a06c21f4980d2dabd4c38a018a93ad9181956de18
Rabi_20_500/graphika.py,legacy/variants/graphika/6950bc72d0b4.py,6950bc72d0b4aa1fb2059365f3f9d873f00f6a82fd0cf66d657285318562a24a
Rabi_20_500/ribesl.f,legacy/reference/ribesl.f,81d91e5b2f6c1e36e6bfb7798e55d80947cd34ece070b56d747bbd9e75d38501
Rabi_20_500/rjbesl.f,legacy/reference/rjbesl.f,797d31688a631bd11a92c9409df59013804b03ca9145e42ba6b0c83e48b2451c
Rabi_20_500/tstComp.f,legacy/variants/tstComp/5a9df4b0b2a8.f,5a9df4b0b2a8f58abe6fa75fa470a2bfdef77879b4ef29d6050a9e247586d04d
Rabi_20_SzSz_628/chebNMR2D-v6.f,legacy/variants/chebNMR2D-v6/5fa87fc1a234.f,5fa87fc1a2344694af24c114b4f9983e3f4159a9d0a9f9754dfa82c952b329c4
Rabi_20_SzSz_628/chebsdPDDGnmr.f,legacy/variants/chebsdPDDGnmr/a9b0f5b879f3.f,a9b0f5b879f33cbfe06074e1b0b0fef20b3c08a747d520117a97093a07122eeb
Rabi_20_SzSz_628/chebsdPDDGnmrabi.f,legacy/variants/chebsdPDDGnmrabi/0b70fd927d37.f,0b70fd927d3788722a3ca4a01d9709b7b82242d9539551e02c95c62ddc314043
Rabi_20_SzSz_628/chimstepsPDDGnmr.f,legacy/reference/chimstepsPDDGnmr.f,c84aef0e015bed403aaed2e77ad2b3fda72f893f3d37aad6ab8a52e7c1e97c0e
Rabi_20_SzSz_628/chinitPDDGnmr.f,legacy/reference/chinitPDDGnmr.f,e702fe4b09f4598d91267ee9e040d33b05bbb8096cf4efa22bdf6f418d97eb8a
Rabi_20_SzSz_628/chlogparPDDG.f,legacy/variants/chlogparPDDG/05b4b1fb9525.f,05b4b1fb95255f402838a297747b9eb669308092ebef300915b4ecd81f2f7c21
Rabi_20_SzSz_628/chnmr2d.mak,legacy/variants/chnmr2d/b4d9e60b4228.mak,b4d9e60b42284f8c152d467a9b41212b0f5b701a23e19a0accd99c9ed9f64718
Rabi_20_SzSz_628/chparsfPDDG.f,legacy/reference/chparsfPDDG.f,76c241092c1095651ebcece83a5d8e10087e1c2bdb0f0f0e19ecda26ad3ac65e
Rabi_20_SzSz_628/chparsgenPDDG.f,legacy/reference/chparsgenPDDG.f,0e751dec44549e1a803abefe3acc4a1540c508e5909bf3bc3f11fc40652922f6
Rabi_20_SzSz_628/chsdpar.h,legacy/reference/chsdpar.h,a4c2f2070c254844aaddd1e0280625a05d4af404a56c0116bbedd5da44ae65e5
Rabi_20_SzSz_628/chspecstepsPDDGnmr.f,legacy/reference/chspecstepsPDDGnmr.f,5cfba01f0659c4683a8ff9d1c4713cc6e3760bb1c5536ba83b5805edf3909fb2
Rabi_20_SzSz_628/chstepsPDDGnmr.f,legacy/reference/chstepsPDDGnmr.f,836ad90b3fd7a1f5461d7a6f7dac758a96d8b6c3507309e65763ef618f48a01a
Rabi_20_SzSz_628/gendipnmr2D.f,legacy/reference/gendipnmr2D.f,f1ff25beb2d7b9533a2eec0a06c21f4980d2dabd4c38a018a93ad9181956de18
Rabi_20_SzSz_628/graphika.py,legacy/variants/graphika/a232b78e1cce.py,a232b78e1ccea399b96f7c00dff39fc7eefec87baa206739f6e5e94f1e0fa34b
Rabi_20_SzSz_628/ribesl.f,legacy/reference/ribesl.f,81d91e5b2f6c1e36e6bfb7798e55d80947cd34ece070b56d747bbd9e75d38501
Rabi_20_SzSz_628/rjbesl.f,legacy/reference/rjbesl.f,797d31688a631bd11a92c9409df59013804b03ca9145e42ba6b0c83e48b2451c
Rabi_20_SzSz_628/tstComp.f,legacy/variants/tstComp/5a9df4b0b2a8.f,5a9df4b0b2a8f58abe6fa75fa470a2bfdef77879b4ef29d6050a9e247586d04d
Rabi_3/chebNMR2D-v6.f,legacy/variants/chebNMR2D-v6/d8285592ec0d.f,d8285592ec0d4af25d387e792f8f6388e63b96054ed22ec5eba76471574eed19
Rabi_3/chebsdPDDGnmr.f,legacy/reference/chebsdPDDGnmr.f,3ff180409da74dc70409b00e3d978f31f62953d13df48057c9121638ba53b223
Rabi_3/chimstepsPDDGnmr.f,legacy/reference/chimstepsPDDGnmr.f,c84aef0e015bed403aaed2e77ad2b3fda72f893f3d37aad6ab8a52e7c1e97c0e
Rabi_3/chinitPDDGnmr.f,legacy/reference/chinitPDDGnmr.f,e702fe4b09f4598d91267ee9e040d33b05bbb8096cf4efa22bdf6f418d97eb8a
Rabi_3/chlogparPDDG.f,legacy/variants/chlogparPDDG/05b4b1fb9525.f,05b4b1fb95255f402838a297747b9eb669308092ebef300915b4ecd81f2f7c21
Rabi_3/chnmr2d.mak,legacy/variants/chnmr2d/b4d9e60b4228.mak,b4d9e60b42284f8c152d467a9b41212b0f5b701a23e19a0accd99c9ed9f64718
Rabi_3/chparsfPDDG.f,legacy/reference/chparsfPDDG.f,76c241092c1095651ebcece83a5d8e10087e1c2bdb0f0f0e19ecda26ad3ac65e
Rabi_3/chparsgenPDDG.f,legacy/reference/chparsgenPDDG.f,0e751dec44549e1a803abefe3acc4a1540c508e5909bf3bc3f11fc40652922f6
Rabi_3/chsdpar.h,legacy/reference/chsdpar.h,a4c2f2070c254844aaddd1e0280625a05d4af404a56c0116bbedd5da44ae65e5
Rabi_3/chspecstepsPDDGnmr.f,legacy/reference/chspecstepsPDDGnmr.f,5cfba01f0659c4683a8ff9d1c4713cc6e3760bb1c5536ba83b5805edf3909fb2
Rabi_3/chstepsPDDGnmr.f,legacy/reference/chstepsPDDGnmr.f,836ad90b3fd7a1f5461d7a6f7dac758a96d8b6c3507309e65763ef618f48a01a
Rabi_3/gendipnmr2D.f,legacy/reference/gendipnmr2D.f,f1ff25beb2d7b9533a2eec0a06c21f4980d2dabd4c38a018a93ad9181956de18
Rabi_3/graphika.py,legacy/variants/graphika/6950bc72d0b4.py,6950bc72d0b4aa1fb2059365f3f9d873f00f6a82fd0cf66d657285318562a24a
Rabi_3/ribesl.f,legacy/reference/ribesl.f,81d91e5b2f6c1e36e6bfb7798e55d80947cd34ece070b56d747bbd9e75d38501
Rabi_3/rjbesl.f,legacy/reference/rjbesl.f,797d31688a631bd11a92c9409df59013804b03ca9145e42ba6b0c83e48b2451c
Rabi_3/tstComp.f,legacy/variants/tstComp/5a9df4b0b2a8.f,5a9df4b0b2a8f58abe6fa75fa470a2bfdef77879b4ef29d6050a9e247586d04d
Rabi_3_SzSz/chebNMR2D-v6.f,legacy/variants/chebNMR2D-v6/5fa87fc1a234.f,5fa87fc1a2344694af24c114b4f9983e3f4159a9d0a9f9754dfa82c952b329c4
Rabi_3_SzSz/chebsdPDDGnmr.f,legacy/variants/chebsdPDDGnmr/a9b0f5b879f3.f,a9b0f5b879f33cbfe06074e1b0b0fef20b3c08a747d520117a97093a07122eeb
Rabi_3_SzSz/chebsdPDDGnmrabi.f,legacy/variants/chebsdPDDGnmrabi/0b70fd927d37.f,0b70fd927d3788722a3ca4a01d9709b7b82242d9539551e02c95c62ddc314043
Rabi_3_SzSz/chimstepsPDDGnmr.f,legacy/reference/chimstepsPDDGnmr.f,c84aef0e015bed403aaed2e77ad2b3fda72f893f3d37aad6ab8a52e7c1e97c0e
Rabi_3_SzSz/chinitPDDGnmr.f,legacy/reference/chinitPDDGnmr.f,e702fe4b09f4598d91267ee9e040d33b05bbb8096cf4efa22bdf6f418d97eb8a
Rabi_3_SzSz/chlogparPDDG.f,legacy/variants/chlogparPDDG/05b4b1fb9525.f,05b4b1fb95255f402838a297747b9eb669308092ebef300915b4ecd81f2f7c21
Rabi_3_SzSz/chnmr2d.mak,legacy/variants/chnmr2d/b4d9e60b4228.mak,b4d9e60b42284f8c152d467a9b41212b0f5b701a23e19a0accd99c9ed9f64718
Rabi_3_SzSz/chparsfPDDG.f,legacy/reference/chparsfPDDG.f,76c241092c1095651ebcece83a5d8e10087e1c2bdb0f0f0e19ecda26ad3ac65e
Rabi_3_SzSz/chparsgenPDDG.f,legacy/reference/chparsgenPDDG.f,0e751dec44549e1a803abefe3acc4a1540c508e5909bf3bc3f11fc40652922f6
Rabi_3_SzSz/chsdpar.h,legacy/reference/chsdpar.h,a4c2f2070c254844aaddd1e0280625a05d4af404a56c0116bbedd5da44ae65e5
Rabi_3_SzSz/chspecstepsPDDGnmr.f,legacy/reference/chspecstepsPDDGnmr.f,5cfba01f0659c4683a8ff9d1c4713cc6e3760bb1c5536ba83b5805edf3909fb2
Rabi_3_SzSz/chstepsPDDGnmr.f,legacy/reference/chstepsPDDGnmr.f,836ad90b3fd7a1f5461d7a6f7dac758a96d8b6c3507309e65763ef618f48a01a
Rabi_3_SzSz/gendipnmr2D.f,legacy/reference/gendipnmr2D.f,f1ff25beb2d7b9533a2eec0a06c21f4980d2dabd4c38a018a93ad9181956de18
Rabi_3_SzSz/graphika.py,legacy/variants/graphika/048953efc842.py,048953efc842f9d9683a78305ab21e35a4c50d183f93a9881b377abd10803dac
Rabi_3_SzSz/ribesl.f,legacy/reference/ribesl.f,81d91e5b2f6c1e36e6bfb7798e55d80947cd34ece070b56d747bbd9e75d38501
Rabi_3_SzSz/rjbesl.f,legacy/reference/rjbesl.f,797d31688a631bd11a92c9409df59013804b03ca9145e42ba6b0c83e48b2451c
Rabi_3_SzSz/tstComp.f,legacy/variants/tstComp/5a9df4b0b2a8.f,5a9df4b0b2a8f58abe6fa75fa470a2bfdef77879b4ef29d6050a9e247586d04d
chebPDDG-1.f,legacy/variants/chebPDDG/20e5022a0d3b.f,20e5022a0d3bcd13f2765e787ab6ea8716a065712a0c1422104857c03fadcdf3
chebPDDG.f,legacy/variants/chebPDDG/ffeb44ab0123.f,ffeb44ab0123d6fbe440abaf17246e5a6b7693904e1f370bbd5234813cc2a3f4
chebsdPDDG-1.f,legacy/variants/chebsdPDDG/99f41ea0351d.f,99f41ea0351dce5f2a6fe770c71c6b5826e8ea3a618d8a354ee240c53f109bb1
chebsdPDDG.f,legacy/variants/chebsdPDDG/6521ecc4eab9.f,6521ecc4eab97237cd01990a707036892fa854f78e0ac8c633c157c21015f2f9
chimstepsPDDG.f,legacy/variants/chimstepsPDDG/9c0040e37d1b.f,9c0040e37d1b317eb02bede1b81a445cb614887195c5e169a8615e7ae1485fe0
chlogparPDDG.f,legacy/reference/chlogparPDDG.f,e9348156c662ec264db1703177a4dbd191c2890bde61ae892d4aa8f2059e5844
chparsfPDDG.f,legacy/reference/chparsfPDDG.f,76c241092c1095651ebcece83a5d8e10087e1c2bdb0f0f0e19ecda26ad3ac65e
chparsgenPDDG-1.f,legacy/reference/chparsgenPDDG.f,0e751dec44549e1a803abefe3acc4a1540c508e5909bf3bc3f11fc40652922f6
chparsgenPDDG.f,legacy/reference/chparsgenPDDG.f,0e751dec44549e1a803abefe3acc4a1540c508e5909bf3bc3f11fc40652922f6
chreimPDDG.mak,legacy/variants/chreimPDDG/08957c04ed0b.mak,08957c04ed0b60154f9e5502a6224518b203b12fded7d5b720b131b8f748d857
chsdpar.h,legacy/reference/chsdpar.h,a4c2f2070c254844aaddd1e0280625a05d4af404a56c0116bbedd5da44ae65e5
chspecstepsPDDG.f,legacy/variants/chspecstepsPDDG/621a818f1512.f,621a818f151246c5a1574c7c1c713e6c45d0220803b1442f20a29382db876106
chstepsPDDG.f,legacy/variants/chstepsPDDG/b722f025d97a.f,b722f025d97aaa9b73eb70e3339f019731ac3f98cb501ce7f57908e8bf74e259
graphika.py,legacy/variants/graphika/157e43159de3.py,157e43159de395f1838b5a190e0f27d6935558074261920248cafdb7f5b10642
ribesl.f,legacy/reference/ribesl.f,81d91e5b2f6c1e36e6bfb7798e55d80947cd34ece070b56d747bbd9e75d38501
rjbesl.f,legacy/reference/rjbesl.f,797d31688a631bd11a92c9409df59013804b03ca9145e42ba6b0c83e48b2451c
spinsim/legacy/chebNMR2D-v6.f,legacy/reference/chebNMR2D-v6.f,75ed0fde9c94c23479644e369e21312dbed0b9d136db29accb59fc37f1755afa
spinsim/legacy/chebsdPDDGnmr.f,legacy/reference/chebsdPDDGnmr.f,3ff180409da74dc70409b00e3d978f31f62953d13df48057c9121638ba53b223
spinsim/legacy/chimstepsPDDGnmr.f,legacy/reference/chimstepsPDDGnmr.f,c84aef0e015bed403aaed2e77ad2b3fda72f893f3d37aad6ab8a52e7c1e97c0e
spinsim/legacy/chinitPDDGnmr.f,legacy/reference/chinitPDDGnmr.f,e702fe4b09f4598d91267ee9e040d33b05bbb8096cf4efa22bdf6f418d97eb8a
spinsim/legacy/chlogparPDDG.f,legacy/reference/chlogparPDDG.f,e9348156c662ec264db1703177a4dbd191c2890bde61ae892d4aa8f2059e5844
spinsim/legacy/chparsfPDDG.f,legacy/reference/chparsfPDDG.f,76c241092c1095651ebcece83a5d8e10087e1c2bdb0f0f0e19ecda26ad3ac65e
spinsim/legacy/chparsgenPDDG.f,legacy/reference/chparsgenPDDG.f,0e751dec44549e1a803abefe3acc4a1540c508e5909bf3bc3f11fc40652922f6
spinsim/legacy/chsdpar.h,legacy/reference/chsdpar.h,a4c2f2070c254844aaddd1e0280625a05d4af404a56c0116bbedd5da44ae65e5
spinsim/legacy/chspecstepsPDDGnmr.f,legacy/reference/chspecstepsPDDGnmr.f,5cfba01f0659c4683a8ff9d1c4713cc6e3760bb1c5536ba83b5805edf3909fb2
spinsim/legacy/chstepsPDDGnmr.f,legacy/reference/chstepsPDDGnmr.f,836ad90b3fd7a1f5461d7a6f7dac758a96d8b6c3507309e65763ef618f48a01a
spinsim/legacy/gendipnmr2D.f,legacy/reference/gendipnmr2D.f,f1ff25beb2d7b9533a2eec0a06c21f4980d2dabd4c38a018a93ad9181956de18
spinsim/legacy/ribesl.f,legacy/reference/ribesl.f,81d91e5b2f6c1e36e6bfb7798e55d80947cd34ece070b56d747bbd9e75d38501
spinsim/legacy/rjbesl.f,legacy/reference/rjbesl.f,797d31688a631bd11a92c9409df59013804b03ca9145e42ba6b0c83e48b2451c
tstComp.f,legacy/variants/tstComp/5a9df4b0b2a8.f,5a9df4b0b2a8f58abe6fa75fa470a2bfdef77879b4ef29d6050a9e247586d04d
